{
	"credit": "Made with Blockbench",
	"texture_size": [32, 16],
	"textures": {
		"2": "entity/creeper/creeper",
		"particle": "entity/creeper/creeper"
	},
	"elements": [
		{
			"from": [4, -3, 8],
			"to": [12, 9, 12],
			"faces": {
				"north": {"uv": [5, 10, 7, 16], "texture": "#2"},
				"east": {"uv": [4, 10, 5, 16], "texture": "#2"},
				"south": {"uv": [7, 10, 9, 16], "texture": "#2"},
				"west": {"uv": [9, 10, 10, 16], "texture": "#2"},
				"up": {"uv": [5, 8, 7, 10], "texture": "#2"},
				"down": {"uv": [7, 8, 9, 10], "texture": "#2"}
			}
		}
	],
	"display": {
		"thirdperson_righthand": {
			"translation": [0, 4.5, -3.75]
		},
		"thirdperson_lefthand": {
			"translation": [0, 4.5, -3.75]
		},
		"firstperson_righthand": {
			"rotation": [0, 11, 0],
			"translation": [0, 9.5, 0]
		},
		"firstperson_lefthand": {
			"rotation": [0, 11, 0],
			"translation": [0, 9.5, 0]
		},
		"ground": {
			"rotation": [90, 0, 0],
			"translation": [0, 0.5, 3.5]
		},
		"gui": {
			"rotation": [30, 130, 0],
			"translation": [-1.5, 3, 0]
		},
		"head": {
			"translation": [0, 4.75, -3.25],
			"scale": [1.62, 1.62, 1.62]
		},
		"fixed": {
			"translation": [0, 5.25, -6.25]
		}
	}
}