{
	"credit": "Made with Blockbench",
	"texture_size": [32, 16],
	"textures": {
		"2": "entity/spider/cave_spider",
		"particle": "item/rotten_flesh"
	},
	"elements": [
		{
			"from": [0, 0, 7],
			"to": [16, 2, 9],
			"rotation": {"angle": 0, "axis": "y", "origin": [8, 1, 8]},
			"faces": {
				"north": {"uv": [9.5, 1, 13.5, 2], "texture": "#2"},
				"east": {"uv": [9, 1, 9.5, 2], "texture": "#2"},
				"south": {"uv": [5, 1, 9, 2], "texture": "#2"},
				"west": {"uv": [4.5, 1, 5, 2], "texture": "#2"},
				"up": {"uv": [5, 0, 9, 1], "texture": "#2"},
				"down": {"uv": [9, 0, 13, 1], "texture": "#2"}
			}
		}
	],
	"display": {
		"thirdperson_righthand": {
			"rotation": [0, 0, 90],
			"translation": [-4.75, 0.75, -0.75],
			"scale": [0.7, 0.7, 0.7]
		},
		"thirdperson_lefthand": {
			"rotation": [0, 0, 90],
			"translation": [-4.75, 0.75, -0.75],
			"scale": [0.7, 0.7, 0.7]
		},
		"firstperson_righthand": {
			"rotation": [0, 97, 0],
			"translation": [0, 8.25, 3.75],
			"scale": [0.7, 0.7, 0.7]
		},
		"firstperson_lefthand": {
			"rotation": [0, 97, 0],
			"translation": [0, 8.25, 3.75],
			"scale": [0.7, 0.7, 0.7]
		},
		"ground": {
			"translation": [0, 4.25, 0],
			"scale": [0.7, 0.7, 0.7]
		},
		"gui": {
			"rotation": [30, 130, 0],
			"translation": [0, 4.5, 0],
			"scale": [0.7, 0.7, 0.7]
		},
		"head": {
			"translation": [0, 3.25, 0],
			"scale": [1.134, 1.134, 1.134]
		},
		"fixed": {
			"translation": [0, 5.75, -0.5],
			"scale": [0.7, 0.7, 0.7]
		}
	}
}