{
	"credit": "Made with Blockbench",
	"texture_size": [32, 16],
	"textures": {
		"2": "entity/spider/cave_spider",
		"particle": "item/rotten_flesh"
	},
	"elements": [
		{
			"from": [3, 0, 2],
			"to": [13, 8, 14],
			"rotation": {"angle": 0, "axis": "y", "origin": [8, -1, -3]},
			"faces": {
				"north": {"uv": [9, 12, 11.5, 16], "texture": "#2"},
				"east": {"uv": [5.5, 12, 8.7, 16], "texture": "#2"},
				"south": {"uv": [3, 12, 5.2, 16], "texture": "#2"},
				"west": {"uv": [0, 12, 3, 16], "texture": "#2"},
				"up": {"uv": [3, 6, 5.5, 12], "texture": "#2"},
				"down": {"uv": [5.5, 6, 8, 12], "texture": "#2"}
			}
		}
	],
	"display": {
		"thirdperson_righthand": {
			"rotation": [91, 0, 0],
			"scale": [0.7, 0.7, 0.7]
		},
		"thirdperson_lefthand": {
			"rotation": [91, 0, 0],
			"scale": [0.7, 0.7, 0.7]
		},
		"firstperson_righthand": {
			"rotation": [0, 15, 0],
			"translation": [0, 6.25, 3],
			"scale": [0.7, 0.7, 0.7]
		},
		"firstperson_lefthand": {
			"rotation": [0, 15, 0],
			"translation": [0, 6.25, 3],
			"scale": [0.7, 0.7, 0.7]
		},
		"ground": {
			"translation": [0, 4.25, 0],
			"scale": [0.7, 0.7, 0.7]
		},
		"gui": {
			"rotation": [30, 130, 0],
			"translation": [0, 2.5, 0],
			"scale": [0.7, 0.7, 0.7]
		},
		"head": {
			"translation": [0, 1, 0],
			"scale": [1.134, 1.134, 1.134]
		},
		"fixed": {
			"rotation": [-90, 90, 0],
			"translation": [0, 0, -4],
			"scale": [0.7, 0.7, 0.7]
		}
	},
	"groups": [
		{
			"name": "spider",
			"origin": [8, 8, 8],
			"children": [0]
		}
	]
}