{
	"credit": "Made with Blockbench",
	"texture_size": [32, 16],
	"textures": {
		"2": "entity/spider/spider",
		"particle": "item/rotten_flesh"
	},
	"elements": [
		{
			"from": [5, 0, 5],
			"to": [11, 6, 11],
			"rotation": {"angle": 0, "axis": "y", "origin": [8, 0, 9]},
			"faces": {
				"north": {"uv": [1.5, 0, 3, 3], "texture": "#2"},
				"east": {"uv": [1.5, 3, 3, 6], "texture": "#2"},
				"south": {"uv": [3, 0, 4.5, 3], "texture": "#2"},
				"west": {"uv": [3, 3, 4.5, 6], "texture": "#2"},
				"up": {"uv": [0, 3, 1.5, 6], "texture": "#2"},
				"down": {"uv": [4.5, 3, 6, 6], "texture": "#2"}
			}
		}
	],
	"display": {
		"thirdperson_righthand": {
			"translation": [0, 3.5, -3]
		},
		"thirdperson_lefthand": {
			"translation": [0, 3.5, -3]
		},
		"firstperson_righthand": {
			"rotation": [0, 35, 0],
			"translation": [0, 4.5, 0]
		},
		"firstperson_lefthand": {
			"rotation": [0, 35, 0],
			"translation": [0, 4.5, 0]
		},
		"ground": {
			"translation": [0, 3.75, 0]
		},
		"gui": {
			"rotation": [30, 130, 0],
			"translation": [0, 4.25, 0]
		},
		"head": {
			"translation": [0, 4.25, 0],
			"scale": [1.62, 1.62, 1.62]
		},
		"fixed": {
			"translation": [0, 5.25, -1.5]
		}
	},
	"groups": [
		{
			"name": "spider",
			"origin": [8, 8, 8],
			"children": [0]
		}
	]
}