{
	"credit": "Made with Blockbench",
	"texture_size": [32, 16],
	"textures": {
		"3": "entity/spider/spider",
		"4": "entity/spider_eyes",
		"particle": "item/rotten_flesh"
	},
	"elements": [
		{
			"from": [4, 0, 4],
			"to": [12, 8, 12],
			"faces": {
				"north": {"uv": [10, 6, 12, 10], "texture": "#3"},
				"east": {"uv": [8, 6, 10, 10], "texture": "#3"},
				"south": {"uv": [14, 6, 16, 10], "texture": "#3"},
				"west": {"uv": [12, 6, 14, 10], "texture": "#3"},
				"up": {"uv": [10, 2, 12, 6], "rotation": 180, "texture": "#3"},
				"down": {"uv": [12, 2, 14, 6], "texture": "#3"}
			}
		},
		{
			"from": [3.95, -0.05, 3.95],
			"to": [12.05, 8.05, 12.05],
			"faces": {
				"north": {"uv": [10, 6, 12, 10], "texture": "#4"},
				"east": {"uv": [8, 6, 10, 10], "texture": "#4"},
				"south": {"uv": [14, 6, 16, 10], "texture": "#4"},
				"west": {"uv": [12, 6, 14, 10], "texture": "#4"},
				"up": {"uv": [10, 2, 12, 6], "rotation": 180, "texture": "#4"},
				"down": {"uv": [12, 2, 14, 6], "texture": "#4"}
			}
		}
	],
	"display": {
		"thirdperson_righthand": {
			"rotation": [82, 0, 0]
		},
		"thirdperson_lefthand": {
			"rotation": [82, 0, 0]
		},
		"firstperson_righthand": {
			"rotation": [7, 21, 0],
			"translation": [0, 6.5, 3]
		},
		"firstperson_lefthand": {
			"rotation": [7, 21, 0],
			"translation": [0, 6.5, 3]
		},
		"ground": {
			"translation": [0, 4.5, 0]
		},
		"gui": {
			"rotation": [30, 130, 1],
			"translation": [0.25, 3.25, 0]
		},
		"head": {
			"translation": [0, 6.5, 0],
			"scale": [1.62, 1.62, 1.62]
		},
		"fixed": {
			"translation": [0, 4.5, 0]
		}
	}
}