{
	"credit": "Made with Blockbench",
	"texture_size": [64, 32],
	"textures": {
		"1": "entity/creeper/creeper"
	},
	"elements": [
		{
			"from": [6, 0, 8],
			"to": [10, 6, 12],
			"faces": {
				"north": {"uv": [1, 10, 2, 13], "texture": "#1"},
				"east": {"uv": [0, 10, 1, 13], "texture": "#1"},
				"south": {"uv": [3, 10, 4, 13], "texture": "#1"},
				"west": {"uv": [2, 10, 3, 13], "texture": "#1"},
				"up": {"uv": [1, 8, 2, 10], "texture": "#1"},
				"down": {"uv": [2, 8, 3, 10], "texture": "#1"}
			}
		}
	],
	"display": {
		"thirdperson_righthand": {
			"translation": [0, 4, -4]
		},
		"thirdperson_lefthand": {
			"translation": [0, 4, -4]
		},
		"firstperson_righthand": {
			"rotation": [0, 24, 0],
			"translation": [0, 7.5, 0]
		},
		"firstperson_lefthand": {
			"rotation": [0, 24, 0],
			"translation": [0, 7.5, 0]
		},
		"ground": {
			"rotation": [90, 0, 0],
			"translation": [0, 0.5, 6.75]
		},
		"gui": {
			"rotation": [30, 130, 0],
			"translation": [-1.5, 4, 0]
		},
		"head": {
			"rotation": [90, -180, 0],
			"translation": [0, -8, 3.25],
			"scale": [1.62, 1.62, 1.62]
		},
		"fixed": {
			"translation": [0, 5.75, -3.5]
		}
	},
	"groups": [
		{
			"name": "zombie_leg",
			"origin": [8, 8, 8],
			"children": [0]
		}
	]
}