{
	"credit": "Made with Blockbench",
	"textures": {
		"4": "entity/villager/villager",
		"5": "entity/villager/type/plains",
		"particle": "item/rotten_flesh"
	},
	"elements": [
		{
			"from": [4, -3, 7],
			"to": [12, 9, 13],
			"faces": {
				"north": {"uv": [5.5, 6.5, 7.5, 9.5], "texture": "#4"},
				"east": {"uv": [4, 6.5, 5.5, 9.5], "texture": "#4"},
				"south": {"uv": [7.5, 6.5, 9.5, 9.5], "texture": "#4"},
				"west": {"uv": [9.5, 6.5, 11, 9.5], "texture": "#4"},
				"up": {"uv": [5.5, 5, 7.5, 6.5], "texture": "#4"},
				"down": {"uv": [8, 5, 10, 6.5], "texture": "#4"}
			}
		},
		{
			"from": [3.9, -3.1, 6.9],
			"to": [12.1, 9.1, 13.1],
			"faces": {
				"north": {"uv": [5.5, 6.5, 7.5, 9.5], "texture": "#5"},
				"east": {"uv": [4, 6.5, 5.5, 9.5], "texture": "#5"},
				"south": {"uv": [9, 6.5, 11, 9.5], "texture": "#5"},
				"west": {"uv": [7.5, 6.5, 9, 9.5], "texture": "#5"},
				"up": {"uv": [5.5, 5, 7.5, 6.5], "texture": "#5"},
				"down": {"uv": [8, 5, 10, 6.5], "texture": "#5"}
			}
		},
		{
			"from": [3.8, -3.2, 6.8],
			"to": [12.2, 9.2, 13.2],
			"faces": {
				"north": {"uv": [1.5, 11, 3.5, 14], "texture": "#5"},
				"east": {"uv": [0, 11, 1.5, 14], "texture": "#5"},
				"south": {"uv": [5, 11, 7, 14], "texture": "#5"},
				"west": {"uv": [3.5, 11, 5, 14], "texture": "#5"},
				"up": {"uv": [1.5, 9.5, 3.5, 11], "texture": "#5"},
				"down": {"uv": [3.5, 9.5, 5.5, 11], "texture": "#5"}
			}
		},
		{
			"from": [0, 0, 7],
			"to": [4, 8, 11],
			"rotation": {"angle": 45, "axis": "x", "origin": [2, 6, 9]},
			"faces": {
				"north": {"uv": [11, 6.5, 12, 8.5], "texture": "#5"},
				"east": {"uv": [14, 6.5, 15, 8.5], "texture": "#5"},
				"south": {"uv": [12, 6.5, 13, 8.5], "texture": "#5"},
				"west": {"uv": [13, 6.5, 14, 8.5], "texture": "#5"},
				"up": {"uv": [12, 5.5, 13, 6.5], "texture": "#5"},
				"down": {"uv": [13, 5.5, 14, 6.5], "texture": "#5"}
			}
		},
		{
			"from": [12, 0, 7],
			"to": [16, 8, 11],
			"rotation": {"angle": 45, "axis": "x", "origin": [14, 6, 9]},
			"faces": {
				"north": {"uv": [11, 6.5, 12, 8.5], "texture": "#5"},
				"east": {"uv": [14, 6.5, 15, 8.5], "texture": "#5"},
				"south": {"uv": [12, 6.5, 13, 8.5], "texture": "#5"},
				"west": {"uv": [13, 6.5, 14, 8.5], "texture": "#5"},
				"up": {"uv": [12, 5.5, 13, 6.5], "texture": "#5"},
				"down": {"uv": [13, 5.5, 14, 6.5], "texture": "#5"}
			}
		},
		{
			"from": [4, 1.3, 4],
			"to": [12, 5.3, 8],
			"rotation": {"angle": 45, "axis": "x", "origin": [8, 3, 6]},
			"faces": {
				"north": {"uv": [11, 10.5, 13, 11.5], "texture": "#5"},
				"east": {"uv": [13, 10.5, 14, 11.5], "texture": "#5"},
				"south": {"uv": [14, 10.5, 16, 11.5], "texture": "#5"},
				"west": {"uv": [10, 10.5, 11, 11.5], "texture": "#5"},
				"up": {"uv": [11, 9.5, 13, 10.5], "texture": "#5"},
				"down": {"uv": [13, 9.5, 15, 10.5], "texture": "#5"}
			}
		}
	],
	"display": {
		"thirdperson_righthand": {
			"rotation": [-7, 0, 0],
			"translation": [0, 6.25, -5]
		},
		"thirdperson_lefthand": {
			"translation": [0, 6, -4]
		},
		"firstperson_righthand": {
			"rotation": [0, 18, 0],
			"translation": [0, 6, 0]
		},
		"firstperson_lefthand": {
			"rotation": [0, 18, 0],
			"translation": [0, 6, 0]
		},
		"ground": {
			"rotation": [90, 0, 0],
			"translation": [0, -0.75, 5.5]
		},
		"gui": {
			"rotation": [30, 130, 0],
			"translation": [-1.25, 3.75, 0]
		},
		"head": {
			"rotation": [-90, 0, 0],
			"translation": [0, -8.25, -17.75],
			"scale": [1.62, 1.62, 1.62]
		},
		"fixed": {
			"translation": [0, 4, -2.5]
		}
	}
}