{
	"credit": "Made with Blockbench",
	"textures": {
		"1": "entity/zombie/zombie"
	},
	"elements": [
		{
			"from": [6, -3, 8],
			"to": [10, 9, 12],
			"faces": {
				"north": {"uv": [1, 5, 2, 8], "texture": "#1"},
				"east": {"uv": [0, 5, 1, 8], "texture": "#1"},
				"south": {"uv": [3, 5, 4, 8], "texture": "#1"},
				"west": {"uv": [2, 5, 3, 8], "texture": "#1"},
				"up": {"uv": [1, 4, 2, 5], "texture": "#1"},
				"down": {"uv": [2, 4, 3, 5], "texture": "#1"}
			}
		}
	],
	"display": {
		"thirdperson_righthand": {
			"translation": [0, 5.75, -4]
		},
		"thirdperson_lefthand": {
			"translation": [0, 5.75, -4]
		},
		"firstperson_righthand": {
			"rotation": [0, 24, 0],
			"translation": [0, 7.5, 0]
		},
		"firstperson_lefthand": {
			"rotation": [0, 24, 0],
			"translation": [0, 7.5, 0]
		},
		"ground": {
			"rotation": [90, 0, 0],
			"translation": [0, 0.5, 6.75]
		},
		"gui": {
			"rotation": [30, 130, 0],
			"translation": [-1.5, 4, 0]
		},
		"head": {
			"rotation": [90, 0, 0],
			"translation": [0, -1.25, -1.5],
			"scale": [1.62, 1.62, 1.62]
		},
		"fixed": {
			"translation": [0, 5.75, -3.5]
		}
	},
	"groups": [
		{
			"name": "zombie_leg",
			"children": [0]
		}
	]
}