{
	"credit": "Made with Blockbench",
	"textures": {
		"3": "entity/zombie/zombie"
	},
	"elements": [
		{
			"from": [4, 0, 4],
			"to": [12, 8, 12],
			"faces": {
				"north": {"uv": [2, 2, 4, 4], "texture": "#3"},
				"east": {"uv": [0, 2, 2, 4], "texture": "#3"},
				"south": {"uv": [6, 2, 8, 4], "texture": "#3"},
				"west": {"uv": [4, 2, 6, 4], "texture": "#3"},
				"up": {"uv": [2, 0, 4, 2], "texture": "#3"},
				"down": {"uv": [4, 0, 6, 2], "texture": "#3"}
			}
		}
	],
	"display": {
		"thirdperson_righthand": {
			"rotation": [82, 0, 0]
		},
		"thirdperson_lefthand": {
			"rotation": [82, 0, 0]
		},
		"firstperson_righthand": {
			"rotation": [7, 100, 0],
			"translation": [0, 6.5, 0]
		},
		"firstperson_lefthand": {
			"rotation": [7, 100, 0],
			"translation": [0, 6.5, 0]
		},
		"ground": {
			"translation": [0, 4.5, 0]
		},
		"gui": {
			"rotation": [30, 130, 1],
			"translation": [0, 4, 0]
		},
		"head": {
			"rotation": [-90, -180, 0],
			"translation": [0, -4.75, -13],
			"scale": [1.62, 1.62, 1.62]
		}
	}
}