{
	"credit": "Made with Blockbench",
	"textures": {
		"2": "entity/illager/ravager",
		"particle": "entity/illager/ravager"
	},
	"elements": [
		{
			"from": [4, 4, -4.5],
			"to": [14, 12, 3.5],
			"rotation": {"angle": 45, "axis": "z", "origin": [8.5, 7.5, 4]},
			"faces": {
				"north": {"uv": [2, 2, 4, 4.5], "rotation": 270, "texture": "#2"},
				"east": {"uv": [2, 0, 4, 2], "rotation": 90, "texture": "#2"},
				"south": {"uv": [6, 2, 8, 4.5], "rotation": 90, "texture": "#2"},
				"west": {"uv": [13.25, 6.25, 15.25, 7.625], "rotation": 90, "texture": "#2"},
				"up": {"uv": [4, 2, 6, 4.5], "rotation": 90, "texture": "#2"},
				"down": {"uv": [0, 2, 2, 4.5], "rotation": 90, "texture": "#2"}
			}
		},
		{
			"from": [3.35, 4, -4.5],
			"to": [4.85, 12, 3.5],
			"rotation": {"angle": 45, "axis": "z", "origin": [8.5, 7.5, 4]},
			"faces": {
				"north": {"uv": [2, 6.5, 4, 6.875], "rotation": 270, "texture": "#2"},
				"east": {"uv": [13.75, 7, 15.75, 9], "rotation": 90, "texture": "#2"},
				"south": {"uv": [6, 6.5, 8, 6.875], "rotation": 90, "texture": "#2"},
				"west": {"uv": [4, 4.5, 6, 6.5], "rotation": 90, "texture": "#2"},
				"up": {"uv": [4, 6.5, 6, 6.875], "rotation": 90, "texture": "#2"},
				"down": {"uv": [0, 6.5, 2, 6.875], "rotation": 90, "texture": "#2"}
			}
		},
		{
			"from": [10.5, 12, -8.5],
			"to": [12.5, 13, -1.5],
			"rotation": {"angle": 45, "axis": "z", "origin": [8.5, 7.5, 4]},
			"faces": {
				"north": {"uv": [9.75, 6.875, 10, 7.375], "rotation": 270, "texture": "#2"},
				"east": {"uv": [10.75, 7.375, 10.5, 9.125], "rotation": 90, "texture": "#2"},
				"south": {"uv": [10, 6.875, 10.25, 7.375], "rotation": 90, "texture": "#2"},
				"west": {"uv": [10, 7.375, 9.75, 9.125], "rotation": 270, "texture": "#2"},
				"up": {"uv": [9.75, 7.375, 9.25, 9.125], "texture": "#2"},
				"down": {"uv": [10.5, 7.375, 10, 9.125], "rotation": 180, "texture": "#2"}
			}
		},
		{
			"from": [10.5, 3, -8.5],
			"to": [12.5, 4, -1.5],
			"rotation": {"angle": 45, "axis": "z", "origin": [8.5, 7.5, 4]},
			"faces": {
				"north": {"uv": [9.75, 6.875, 10, 7.375], "rotation": 270, "texture": "#2"},
				"east": {"uv": [10.5, 7.375, 10.75, 9.125], "rotation": 90, "texture": "#2"},
				"south": {"uv": [10, 6.875, 10.25, 7.375], "rotation": 90, "texture": "#2"},
				"west": {"uv": [9.75, 7.375, 10, 9.125], "rotation": 270, "texture": "#2"},
				"up": {"uv": [10, 7.375, 10.5, 9.125], "texture": "#2"},
				"down": {"uv": [9.25, 7.375, 9.75, 9.125], "rotation": 180, "texture": "#2"}
			}
		},
		{
			"from": [4.25, 3, 4],
			"to": [11.75, 14, 13],
			"faces": {
				"north": {"uv": [2.5, 6.875, 4.25, 9.375], "texture": "#2"},
				"east": {"uv": [4.625, 11.375, 7.125, 9.375], "rotation": 270, "texture": "#2"},
				"south": {"uv": [4.25, 6.875, 6, 9.375], "texture": "#2"},
				"west": {"uv": [0, 11.375, 2.5, 9.375], "rotation": 90, "texture": "#2"},
				"up": {"uv": [6.75, 9.375, 8.5, 11.375], "texture": "#2"},
				"down": {"uv": [2.625, 9.375, 4.25, 11.375], "rotation": 180, "texture": "#2"}
			}
		},
		{
			"from": [6, 6, 2.5],
			"to": [10.5, 10.5, 4.5],
			"faces": {
				"north": {"uv": [10.75, 11.375, 12, 12.625], "texture": "#2"},
				"east": {"uv": [9, 11.375, 9.375, 12.625], "texture": "#2"},
				"south": {"uv": [12, 11.375, 13.25, 12.625], "texture": "#2"},
				"west": {"uv": [10.25, 11.375, 10.625, 12.625], "texture": "#2"},
				"up": {"uv": [9.5, 11.375, 9.875, 12.625], "rotation": 90, "texture": "#2"},
				"down": {"uv": [10.375, 11.375, 10.75, 12.625], "rotation": 90, "texture": "#2"}
			}
		},
		{
			"from": [4.75, 3, 13],
			"to": [11.25, 13, 20],
			"rotation": {"angle": 0, "axis": "y", "origin": [8, 8, 17]},
			"faces": {
				"north": {"uv": [2.25, 11.375, 3.75, 13.625], "texture": "#2"},
				"east": {"uv": [3.75, 15.25, 6, 13.625], "rotation": 270, "texture": "#2"},
				"south": {"uv": [3.75, 11.375, 5.25, 13.625], "texture": "#2"},
				"west": {"uv": [2.25, 13.625, 0, 15.25], "rotation": 270, "texture": "#2"},
				"up": {"uv": [6, 13.625, 7.5, 15.25], "texture": "#2"},
				"down": {"uv": [2.25, 13.625, 3.75, 15.25], "texture": "#2"}
			}
		},
		{
			"from": [-12.5, 10.5, 3.7],
			"to": [6.5, 14.5, 7.7],
			"rotation": {"angle": 45, "axis": "z", "origin": [4, 12, 6]},
			"faces": {
				"north": {"uv": [9, 1, 10, 5.625], "rotation": 270, "texture": "#2"},
				"east": {"uv": [9, 0, 10, 1], "rotation": 90, "texture": "#2"},
				"south": {"uv": [10, 1, 11, 5.625], "rotation": 90, "texture": "#2"},
				"west": {"uv": [10, 0, 11, 1], "rotation": 90, "texture": "#2"},
				"up": {"uv": [8, 1, 9, 5.625], "rotation": 90, "texture": "#2"},
				"down": {"uv": [11, 1, 12, 5.625], "rotation": 90, "texture": "#2"}
			}
		},
		{
			"from": [9.5, 10.5, 3.7],
			"to": [28.5, 14.5, 7.7],
			"rotation": {"angle": -45, "axis": "z", "origin": [12, 12, 6]},
			"faces": {
				"north": {"uv": [9, 1, 10, 5.625], "rotation": 90, "texture": "#2"},
				"east": {"uv": [10, 0, 11, 1], "rotation": 270, "texture": "#2"},
				"south": {"uv": [10, 1, 11, 5.625], "rotation": 270, "texture": "#2"},
				"west": {"uv": [9, 0, 10, 1], "rotation": 270, "texture": "#2"},
				"up": {"uv": [11, 1, 12, 5.625], "rotation": 270, "texture": "#2"},
				"down": {"uv": [8, 1, 9, 5.625], "rotation": 270, "texture": "#2"}
			}
		},
		{
			"from": [9.5, 10.5, 16.5],
			"to": [28.5, 14.5, 20.5],
			"rotation": {"angle": -45, "axis": "z", "origin": [12, 12, 19]},
			"faces": {
				"north": {"uv": [13, 1, 14, 5.625], "rotation": 90, "texture": "#2"},
				"east": {"uv": [14, 0, 15, 1], "rotation": 270, "texture": "#2"},
				"south": {"uv": [14, 1, 15, 5.625], "rotation": 270, "texture": "#2"},
				"west": {"uv": [13, 0, 14, 1], "rotation": 270, "texture": "#2"},
				"up": {"uv": [12, 1, 13, 5.625], "rotation": 270, "texture": "#2"},
				"down": {"uv": [14, 1, 15, 5.625], "rotation": 270, "texture": "#2"}
			}
		},
		{
			"from": [-12.5, 10.5, 16.5],
			"to": [6.5, 14.5, 20.5],
			"rotation": {"angle": 45, "axis": "z", "origin": [4, 12, 19]},
			"faces": {
				"north": {"uv": [13, 1, 14, 5.625], "rotation": 270, "texture": "#2"},
				"east": {"uv": [13, 0, 14, 1], "rotation": 90, "texture": "#2"},
				"south": {"uv": [14, 1, 15, 5.625], "rotation": 90, "texture": "#2"},
				"west": {"uv": [14, 0, 15, 1], "rotation": 90, "texture": "#2"},
				"up": {"uv": [12, 1, 13, 5.625], "rotation": 90, "texture": "#2"},
				"down": {"uv": [14, 1, 15, 5.625], "rotation": 90, "texture": "#2"}
			}
		},
		{
			"from": [5.8, 3.5, -6.5],
			"to": [7.8, 7.5, -4.5],
			"rotation": {"angle": -22.5, "axis": "z", "origin": [6.5, 7.5, -5]},
			"faces": {
				"north": {"uv": [0.5, 0.5, 1, 1.5], "texture": "#2"},
				"east": {"uv": [1, 0.5, 1.5, 1.5], "texture": "#2"},
				"south": {"uv": [1.5, 0.375, 2, 1.5], "texture": "#2"},
				"west": {"uv": [0, 0.5, 0.5, 1.5], "texture": "#2"},
				"up": {"uv": [0.5, 0, 1, 0.5], "texture": "#2"},
				"down": {"uv": [1, 0, 1.5, 0.5], "texture": "#2"}
			}
		}
	],
	"display": {
		"firstperson_righthand": {
			"rotation": [0, 48, 0]
		},
		"firstperson_lefthand": {
			"rotation": [0, 48, 0]
		},
		"ground": {
			"translation": [0, 2, -0.75]
		},
		"gui": {
			"rotation": [30, 145, 0],
			"translation": [0, 1, 0],
			"scale": [0.7, 0.7, 0.7]
		},
		"head": {
			"translation": [0, 12, -2],
			"scale": [3.2, 3.2, 3.2]
		},
		"fixed": {
			"rotation": [-90, 90, 0],
			"translation": [-0.5, 0.5, -4],
			"scale": [0.7, 0.7, 0.7]
		}
	},
	"groups": [
		{
			"name": "group",
			"origin": [8, 8, 8],
			"children": [
				{
					"name": "head",
					"origin": [8, 8, 3],
					"children": [0, 1, 2, 3]
				}, 4, 5, 6,
				{
					"name": "legs",
					"origin": [4, 12, 6],
					"children": [7, 8, 9, 10]
				}
			]
		}, 11]
}