{
	"credit": "Made with Blockbench",
	"texture_size": [32, 16],
	"textures": {
		"2": "entity/pig/pig",
		"particle": "item/porkchop"
	},
	"elements": [
		{
			"from": [9, 0, 1],
			"to": [13, 6, 5],
			"faces": {
				"north": {"uv": [1, 10, 2, 13], "texture": "#2"},
				"east": {"uv": [0, 10, 1, 13], "texture": "#2"},
				"south": {"uv": [3, 10, 4, 13], "texture": "#2"},
				"west": {"uv": [2, 10, 3, 13], "texture": "#2"},
				"up": {"uv": [1, 8, 2, 10], "texture": "#2"},
				"down": {"uv": [2, 8, 3, 10], "rotation": 180, "texture": "#2"}
			}
		},
		{
			"from": [9, 0, 13],
			"to": [13, 6, 17],
			"faces": {
				"north": {"uv": [1, 10, 2, 13], "texture": "#2"},
				"east": {"uv": [0, 10, 1, 13], "texture": "#2"},
				"south": {"uv": [3, 10, 4, 13], "texture": "#2"},
				"west": {"uv": [2, 10, 3, 13], "texture": "#2"},
				"up": {"uv": [1, 8, 2, 10], "texture": "#2"},
				"down": {"uv": [2, 8, 3, 10], "rotation": 180, "texture": "#2"}
			}
		},
		{
			"from": [3, 0, 13],
			"to": [7, 6, 17],
			"faces": {
				"north": {"uv": [1, 10, 2, 13], "texture": "#2"},
				"east": {"uv": [0, 10, 1, 13], "texture": "#2"},
				"south": {"uv": [3, 10, 4, 13], "texture": "#2"},
				"west": {"uv": [2, 10, 3, 13], "texture": "#2"},
				"up": {"uv": [1, 8, 2, 10], "texture": "#2"},
				"down": {"uv": [2, 8, 3, 10], "rotation": 180, "texture": "#2"}
			}
		},
		{
			"from": [3, 0, 1],
			"to": [7, 6, 5],
			"faces": {
				"north": {"uv": [1, 10, 2, 13], "texture": "#2"},
				"east": {"uv": [0, 10, 1, 13], "texture": "#2"},
				"south": {"uv": [3, 10, 4, 13], "texture": "#2"},
				"west": {"uv": [2, 10, 3, 13], "texture": "#2"},
				"up": {"uv": [1, 8, 2, 10], "texture": "#2"},
				"down": {"uv": [2, 8, 3, 10], "rotation": 180, "texture": "#2"}
			}
		},
		{
			"from": [3, 6, 0],
			"to": [13, 14, 16],
			"faces": {
				"north": {"uv": [9, 4, 11.5, 8], "texture": "#2"},
				"east": {"uv": [11.75, 8, 14, 16], "rotation": 270, "texture": "#2"},
				"south": {"uv": [11.5, 4, 14, 8], "texture": "#2"},
				"west": {"uv": [7, 8, 9, 16], "rotation": 90, "texture": "#2"},
				"up": {"uv": [13.5, 8, 16, 16], "texture": "#2"},
				"down": {"uv": [9, 8, 11.5, 16], "texture": "#2"}
			}
		},
		{
			"from": [6, 9, -7],
			"to": [10, 12, -6],
			"faces": {
				"north": {"uv": [4.25, 8.5, 5.25, 10], "texture": "#2"},
				"east": {"uv": [4, 8.5, 4.25, 10], "texture": "#2"},
				"south": {"uv": [4.25, 8.5, 5.25, 10], "texture": "#2"},
				"west": {"uv": [5.25, 8.5, 5.5, 10], "texture": "#2"},
				"up": {"uv": [4.25, 8, 5.25, 8.5], "texture": "#2"},
				"down": {"uv": [5.25, 8, 6.25, 8.5], "texture": "#2"}
			}
		},
		{
			"from": [4, 8, -6],
			"to": [12, 16, 2],
			"faces": {
				"north": {"uv": [2, 4, 4, 8], "texture": "#2"},
				"east": {"uv": [0, 4, 2, 8], "texture": "#2"},
				"south": {"uv": [6, 4, 8, 8], "texture": "#2"},
				"west": {"uv": [4, 4, 6, 8], "texture": "#2"},
				"up": {"uv": [2, 0, 4, 4], "texture": "#2"},
				"down": {"uv": [4, 0, 6, 4], "texture": "#2"}
			}
		}
	],
	"display": {
		"thirdperson_righthand": {
			"rotation": [96, 0, 0],
			"translation": [0, -0.5, -4.5]
		},
		"thirdperson_lefthand": {
			"rotation": [96, 0, 0],
			"translation": [0, -0.5, -4.5]
		},
		"firstperson_righthand": {
			"rotation": [0, 28, 0],
			"translation": [0, 0, 2]
		},
		"firstperson_lefthand": {
			"rotation": [0, 28, 0],
			"translation": [0, 0, 2]
		},
		"ground": {
			"rotation": [0, 0, 90],
			"translation": [0, -1.5, 0]
		},
		"gui": {
			"rotation": [30, -130, 0],
			"translation": [-0.75, 0.25, 0],
			"scale": [0.7, 0.7, 0.7]
		},
		"head": {
			"translation": [0, 8.75, 0],
			"scale": [1.62, 1.62, 1.62]
		},
		"fixed": {
			"rotation": [-66, 0, 2],
			"translation": [0, -10.75, -8.75],
			"scale": [2, 2, 2]
		}
	},
	"groups": [
		{
			"name": "group",
			"origin": [8, 8, 8],
			"children": [0, 1, 2, 3, 4, 5, 6]
		}
	]
}