{
	"credit": "Made with Blockbench",
	"texture_size": [32, 16],
	"textures": {
		"2": "entity/pig/pig",
		"particle": "item/porkchop"
	},
	"elements": [
		{
			"from": [3, 0, 0],
			"to": [13, 8, 16],
			"rotation": {"angle": 0, "axis": "y", "origin": [8, 2, 8]},
			"faces": {
				"north": {"uv": [9, 4, 11.5, 8], "texture": "#2"},
				"east": {"uv": [11.75, 8, 14, 16], "rotation": 270, "texture": "#2"},
				"south": {"uv": [11.5, 4, 14, 8], "texture": "#2"},
				"west": {"uv": [7, 8, 9, 16], "rotation": 90, "texture": "#2"},
				"up": {"uv": [13.5, 8, 16, 16], "texture": "#2"},
				"down": {"uv": [9, 8, 11.5, 16], "texture": "#2"}
			}
		}
	],
	"display": {
		"thirdperson_righthand": {
			"rotation": [96, 0, 0],
			"translation": [0, -0.5, 0.25]
		},
		"thirdperson_lefthand": {
			"rotation": [96, 0, 0],
			"translation": [0, -0.5, 0.25]
		},
		"firstperson_righthand": {
			"rotation": [0, 28, 0],
			"translation": [0, 4.5, 4.25]
		},
		"firstperson_lefthand": {
			"rotation": [0, 28, 0],
			"translation": [0, 4.5, 4.25]
		},
		"ground": {
			"translation": [0, 4.5, 0]
		},
		"gui": {
			"rotation": [30, -130, 0],
			"translation": [0, 2.25, 0],
			"scale": [0.8, 0.8, 0.8]
		},
		"head": {
			"translation": [0, 3.25, 0],
			"scale": [1.72, 1.72, 1.72]
		},
		"fixed": {
			"rotation": [-66, 0, 2],
			"translation": [0, -10.75, -8.75],
			"scale": [2, 2, 2]
		}
	}
}