{
	"credit": "Made with Blockbench",
	"texture_size": [32, 16],
	"textures": {
		"2": "entity/pig/pig",
		"particle": "item/porkchop"
	},
	"elements": [
		{
			"from": [6, 1, 3],
			"to": [10, 4, 4],
			"rotation": {"angle": 0, "axis": "y", "origin": [8, 0, 8]},
			"faces": {
				"north": {"uv": [4.25, 8.5, 5.25, 10], "texture": "#2"},
				"east": {"uv": [4, 8.5, 4.25, 10], "texture": "#2"},
				"south": {"uv": [4.25, 8.5, 5.25, 10], "texture": "#2"},
				"west": {"uv": [5.25, 8.5, 5.5, 10], "texture": "#2"},
				"up": {"uv": [4.25, 8, 5.25, 8.5], "texture": "#2"},
				"down": {"uv": [5.25, 8, 6.25, 8.5], "texture": "#2"}
			}
		},
		{
			"from": [4, 0, 4],
			"to": [12, 8, 12],
			"rotation": {"angle": 0, "axis": "y", "origin": [8, 0, 8]},
			"faces": {
				"north": {"uv": [2, 4, 4, 8], "texture": "#2"},
				"east": {"uv": [0, 4, 2, 8], "texture": "#2"},
				"south": {"uv": [6, 4, 8, 8], "texture": "#2"},
				"west": {"uv": [4, 4, 6, 8], "texture": "#2"},
				"up": {"uv": [2, 0, 4, 4], "texture": "#2"},
				"down": {"uv": [4, 0, 6, 4], "texture": "#2"}
			}
		}
	],
	"display": {
		"thirdperson_righthand": {
			"rotation": [84, 0, 0],
			"translation": [0, -0.5, 0.25]
		},
		"thirdperson_lefthand": {
			"rotation": [84, 0, 0],
			"translation": [0, -0.5, 0.25]
		},
		"firstperson_righthand": {
			"rotation": [0, 4, 0],
			"translation": [0, 5, 4]
		},
		"firstperson_lefthand": {
			"rotation": [0, 4, 0],
			"translation": [0, 5, 4]
		},
		"ground": {
			"translation": [0, 4.25, 0]
		},
		"gui": {
			"rotation": [30, -130, 0],
			"translation": [0, 3.5, 0]
		},
		"head": {
			"translation": [0, 6.5, 0],
			"scale": [1.82, 1.82, 1.82]
		},
		"fixed": {
			"rotation": [0, 0, 2],
			"translation": [0, 8.5, 0],
			"scale": [2, 2, 2]
		}
	},
	"groups": [
		{
			"name": "group",
			"origin": [8, 8, 8],
			"children": [0, 1]
		}
	]
}