{
	"credit": "Made with Blockbench",
	"texture_size": [32, 16],
	"textures": {
		"2": "entity/pig/pig",
		"particle": "item/porkchop"
	},
	"elements": [
		{
			"from": [6, 0, 8],
			"to": [10, 6, 12],
			"faces": {
				"north": {"uv": [1, 10, 2, 13], "texture": "#2"},
				"east": {"uv": [0, 10, 1, 13], "texture": "#2"},
				"south": {"uv": [3, 10, 4, 13], "texture": "#2"},
				"west": {"uv": [2, 10, 3, 13], "texture": "#2"},
				"up": {"uv": [1, 8, 2, 10], "texture": "#2"},
				"down": {"uv": [2, 8, 3, 10], "texture": "#2"}
			}
		}
	],
	"display": {
		"thirdperson_righthand": {
			"rotation": [93, 0, 0],
			"translation": [0, 0, 2.25]
		},
		"thirdperson_lefthand": {
			"rotation": [93, 0, 0],
			"translation": [0, 0, 2.25]
		},
		"firstperson_righthand": {
			"rotation": [0, 27, 0],
			"translation": [0, 9.25, 0]
		},
		"firstperson_lefthand": {
			"rotation": [0, 27, 0],
			"translation": [0, 9.25, 0]
		},
		"ground": {
			"rotation": [90, 0, 0],
			"translation": [0, 0, 5.75]
		},
		"gui": {
			"rotation": [30, 130, 0],
			"translation": [-1.25, 3.5, 0]
		},
		"head": {
			"translation": [0, 4.25, -3.25],
			"scale": [1.62, 1.62, 1.62]
		},
		"fixed": {
			"translation": [0, 5, -3.75]
		}
	}
}