{
	"credit": "Made with Blockbench",
	"textures": {
		"1": "entity/zombie/zombie",
		"particle": "item/rotten_flesh"
	},
	"elements": [
		{
			"from": [6, 0, 0],
			"to": [10, 4, 12],
			"faces": {
				"north": {"uv": [12, 4, 13, 5], "texture": "#1"},
				"east": {"uv": [11, 5, 12, 8], "rotation": 270, "texture": "#1"},
				"south": {"uv": [11, 4, 12, 5], "texture": "#1"},
				"west": {"uv": [12, 5, 13, 8], "rotation": 90, "texture": "#1"},
				"up": {"uv": [10, 5, 11, 8], "rotation": 180, "texture": "#1"},
				"down": {"uv": [13, 5, 14, 8], "texture": "#1"}
			}
		}
	],
	"display": {
		"thirdperson_righthand": {
			"rotation": [83, 0, 0],
			"translation": [0, 0, 4]
		},
		"thirdperson_lefthand": {
			"rotation": [83, 0, 0],
			"translation": [0, 0, 4]
		},
		"firstperson_righthand": {
			"rotation": [0, 18, 0],
			"translation": [0, 8.25, 3.75]
		},
		"firstperson_lefthand": {
			"rotation": [0, 18, 0],
			"translation": [0, 8.25, 3.75]
		},
		"ground": {
			"translation": [0, 2, 2]
		},
		"gui": {
			"rotation": [30, 130, 0],
			"translation": [1.5, 4.75, 0]
		},
		"head": {
			"translation": [0, 5.5, 3.5],
			"scale": [1.62, 1.62, 1.62]
		},
		"fixed": {
			"rotation": [-90, 0, 0],
			"translation": [0, 1.5, -8.5]
		}
	}
}