{
	"credit": "Made with Blockbench",
	"textures": {
		"1": "entity/zombie/zombie",
		"particle": "item/rotten_flesh"
	},
	"elements": [
		{
			"from": [4, -3, 8],
			"to": [12, 9, 12],
			"faces": {
				"north": {"uv": [5, 5, 7, 8], "texture": "#1"},
				"east": {"uv": [4, 5, 5, 8], "texture": "#1"},
				"south": {"uv": [8, 5, 10, 8], "texture": "#1"},
				"west": {"uv": [7, 5, 8, 8], "texture": "#1"},
				"up": {"uv": [5, 4, 7, 5], "texture": "#1"},
				"down": {"uv": [7, 4, 9, 5], "texture": "#1"}
			}
		}
	],
	"display": {
		"thirdperson_righthand": {
			"translation": [0, 3.75, -4]
		},
		"thirdperson_lefthand": {
			"translation": [0, 3.75, -4]
		},
		"firstperson_righthand": {
			"rotation": [0, 21, 0],
			"translation": [0, 8.75, 0]
		},
		"firstperson_lefthand": {
			"rotation": [0, 21, 0],
			"translation": [0, 8.75, 0]
		},
		"ground": {
			"rotation": [90, 0, 0],
			"translation": [0, 0.5, 4.5]
		},
		"gui": {
			"rotation": [30, 130, 0],
			"translation": [-1.5, 3.75, 0]
		},
		"head": {
			"translation": [0, 4.75, -3.25],
			"scale": [1.62, 1.62, 1.62]
		},
		"fixed": {
			"translation": [0, 5, -4]
		}
	}
}