{
	"credit": "Made with Blockbench",
	"texture_size": [64, 64],
	"textures": {
		"2": "entity/skeleton/skeleton",
		"3": "entity/creeper/creeper_armor",
		"particle": "item/rotten_flesh"
	},
	"elements": [
		{
			"name": "body",
			"from": [4.2, 12.2, 6.2],
			"to": [11.8, 23.8, 9.8],
			"shade": false,
			"faces": {
				"north": {"uv": [5, 10, 7, 16], "texture": "#2"},
				"east": {"uv": [4, 10, 5, 16], "texture": "#2"},
				"south": {"uv": [8, 10, 10, 16], "texture": "#2"},
				"west": {"uv": [7, 10, 8, 16], "texture": "#2"},
				"up": {"uv": [5, 8, 7, 10], "texture": "#2"},
				"down": {"uv": [7, 8, 9, 10], "texture": "#2"}
			}
		},
		{
			"name": "body",
			"from": [4, 12, 6],
			"to": [12, 24, 10],
			"shade": false,
			"faces": {
				"north": {"uv": [5, 10, 7, 16], "texture": "#3"},
				"east": {"uv": [4, 10, 5, 16], "texture": "#3"},
				"south": {"uv": [8, 10, 10, 16], "texture": "#3"},
				"west": {"uv": [7, 10, 8, 16], "texture": "#3"},
				"up": {"uv": [5, 8, 7, 10], "texture": "#3"},
				"down": {"uv": [7, 8, 9, 10], "texture": "#3"}
			}
		},
		{
			"name": "head",
			"from": [4.2, 24.2, 4.2],
			"to": [11.8, 31.8, 11.8],
			"shade": false,
			"faces": {
				"north": {"uv": [2, 4, 4, 8], "texture": "#2"},
				"east": {"uv": [0, 4, 2, 8], "texture": "#2"},
				"south": {"uv": [6, 4, 8, 8], "texture": "#2"},
				"west": {"uv": [4, 4, 6, 8], "texture": "#2"},
				"up": {"uv": [2, 0, 4, 4], "rotation": 180, "texture": "#2"},
				"down": {"uv": [4, 0, 6, 4], "texture": "#2"}
			}
		},
		{
			"name": "head",
			"from": [4, 24, 4],
			"to": [12, 32, 12],
			"shade": false,
			"faces": {
				"north": {"uv": [2, 4, 4, 8], "texture": "#3"},
				"east": {"uv": [0, 4, 2, 8], "texture": "#3"},
				"south": {"uv": [6, 4, 8, 8], "texture": "#3"},
				"west": {"uv": [4, 4, 6, 8], "texture": "#3"},
				"up": {"uv": [2, 0, 4, 4], "rotation": 180, "texture": "#3"},
				"down": {"uv": [4, 0, 6, 4], "texture": "#3"}
			}
		},
		{
			"name": "rightArm",
			"from": [0, 20, -2],
			"to": [4, 24, 10],
			"rotation": {"angle": 0, "axis": "x", "origin": [4, 22, 8]},
			"faces": {
				"north": {"uv": [12, 4, 13, 5], "rotation": 180, "texture": "#3"},
				"east": {"uv": [12, 5, 13, 8], "rotation": 270, "texture": "#3"},
				"south": {"uv": [11, 4, 12, 5], "texture": "#3"},
				"west": {"uv": [10, 5, 11, 8], "rotation": 90, "texture": "#3"},
				"up": {"uv": [12, 8, 11, 5], "texture": "#3"},
				"down": {"uv": [14, 5, 13, 8], "texture": "#3"}
			}
		},
		{
			"name": "rightArm",
			"from": [1, 21, -2],
			"to": [3, 23, 10],
			"shade": false,
			"rotation": {"angle": 0, "axis": "x", "origin": [4, 22, 8]},
			"faces": {
				"north": {"uv": [1, 8, 1.5, 9], "rotation": 180, "texture": "#2"},
				"east": {"uv": [1, 9, 1.5, 15], "rotation": 270, "texture": "#2"},
				"south": {"uv": [0.5, 8, 1, 9], "texture": "#2"},
				"west": {"uv": [0, 9, 0.5, 15], "rotation": 90, "texture": "#2"},
				"up": {"uv": [0.5, 9, 1, 15], "rotation": 180, "texture": "#2"},
				"down": {"uv": [1.5, 9, 2, 15], "texture": "#2"}
			}
		},
		{
			"name": "leftArm",
			"from": [12, 20, -2],
			"to": [16, 24, 10],
			"rotation": {"angle": 0, "axis": "x", "origin": [0, 22, 0]},
			"faces": {
				"north": {"uv": [12, 4, 13, 5], "rotation": 270, "texture": "#3"},
				"east": {"uv": [10, 5, 11, 8], "rotation": 270, "texture": "#3"},
				"south": {"uv": [11, 4, 12, 5], "texture": "#3"},
				"west": {"uv": [12, 5, 13, 8], "rotation": 90, "texture": "#3"},
				"up": {"uv": [12, 8, 11, 5], "texture": "#3"},
				"down": {"uv": [14, 5, 13, 8], "texture": "#3"}
			}
		},
		{
			"name": "leftArm",
			"from": [13, 21, -2],
			"to": [15, 23, 10],
			"shade": false,
			"rotation": {"angle": 0, "axis": "x", "origin": [4, 22, 8]},
			"faces": {
				"north": {"uv": [1, 8, 1.5, 9], "rotation": 180, "texture": "#2"},
				"east": {"uv": [1, 9, 1.5, 15], "rotation": 270, "texture": "#2"},
				"south": {"uv": [0.5, 8, 1, 9], "texture": "#2"},
				"west": {"uv": [0, 9, 0.5, 15], "rotation": 90, "texture": "#2"},
				"up": {"uv": [0.5, 9, 1, 15], "rotation": 180, "texture": "#2"},
				"down": {"uv": [1.5, 9, 2, 15], "texture": "#2"}
			}
		},
		{
			"name": "rightLeg",
			"from": [4, 0, 6],
			"to": [8, 12, 10],
			"shade": false,
			"faces": {
				"north": {"uv": [2, 5, 1, 8], "texture": "#3"},
				"east": {"uv": [3, 5, 2, 8], "texture": "#3"},
				"south": {"uv": [4, 5, 3, 8], "texture": "#3"},
				"west": {"uv": [1, 5, 0, 8], "texture": "#3"},
				"up": {"uv": [1, 5, 2, 4], "texture": "#3"},
				"down": {"uv": [2, 4, 3, 5], "texture": "#3"}
			}
		},
		{
			"name": "rightLeg",
			"from": [5, 0, 7],
			"to": [7, 12, 9],
			"shade": false,
			"faces": {
				"north": {"uv": [10.5, 9, 11, 15], "texture": "#2"},
				"east": {"uv": [11, 9, 11.5, 15], "texture": "#2"},
				"south": {"uv": [11.5, 9, 12, 15], "texture": "#2"},
				"west": {"uv": [10, 9, 10.5, 15], "texture": "#2"},
				"up": {"uv": [10.5, 8, 11, 9], "texture": "#2"},
				"down": {"uv": [11, 8, 11.5, 9], "texture": "#2"}
			}
		},
		{
			"name": "leftLeg",
			"from": [8, 0, 6],
			"to": [12, 12, 10],
			"faces": {
				"north": {"uv": [1, 5, 2, 8], "texture": "#3"},
				"east": {"uv": [0, 5, 1, 8], "texture": "#3"},
				"south": {"uv": [3, 5, 4, 8], "texture": "#3"},
				"west": {"uv": [2, 5, 3, 8], "texture": "#3"},
				"up": {"uv": [2, 5, 1, 4], "texture": "#3"},
				"down": {"uv": [3, 4, 2, 5], "texture": "#3"}
			}
		},
		{
			"name": "leftLeg",
			"from": [9, 0, 7],
			"to": [11, 12, 9],
			"shade": false,
			"faces": {
				"north": {"uv": [10.5, 9, 11, 15], "texture": "#2"},
				"east": {"uv": [11, 9, 11.5, 15], "texture": "#2"},
				"south": {"uv": [11.5, 9, 12, 15], "texture": "#2"},
				"west": {"uv": [10, 9, 10.5, 15], "texture": "#2"},
				"up": {"uv": [10.5, 8, 11, 9], "texture": "#2"},
				"down": {"uv": [11, 8, 11.5, 9], "texture": "#2"}
			}
		}
	],
	"display": {
		"head": {
			"translation": [0, -32, 0],
			"scale": [1.6, 1.6, 1.6]
		}
	},
	"groups": [
		{
			"name": "body",
			"origin": [0, 24, 0],
			"shade": false,
			"children": [0, 1]
		},
		{
			"name": "head",
			"origin": [0, 24, 0],
			"shade": false,
			"children": [2, 3]
		},
		{
			"name": "rightArm",
			"origin": [-6, 22, 0],
			"shade": false,
			"children": [4, 5]
		},
		{
			"name": "leftArm",
			"origin": [5, 22, 0],
			"shade": false,
			"children": [6, 7]
		},
		{
			"name": "rightLeg",
			"origin": [-1.9, 12, 0],
			"shade": false,
			"children": [8, 9]
		},
		{
			"name": "leftLeg",
			"origin": [1.9, 12, 0],
			"shade": false,
			"children": [10, 11]
		}
	]
}