{
	"credit": "Made with Blockbench",
	"textures": {
		"0": "item/zombie_arm",
		"1": "item/zombie",
		"particle": "item/rotten_flesh"
	},
	"elements": [
		{
			"from": [0, 5, 0],
			"to": [4, 9, 12],
			"faces": {
				"north": {"uv": [12, 8, 16, 12], "texture": "#0"},
				"east": {"uv": [0, 4, 12, 8], "rotation": 180, "texture": "#0"},
				"south": {"uv": [12, 4, 16, 8], "texture": "#0"},
				"west": {"uv": [0, 8, 12, 12], "texture": "#0"},
				"up": {"uv": [0, 0, 12, 4], "rotation": 90, "texture": "#0"},
				"down": {"uv": [0, 12, 12, 16], "rotation": 270, "texture": "#0"}
			}
		},
		{
			"from": [12, 5, 0],
			"to": [16, 9, 12],
			"faces": {
				"north": {"uv": [12, 8, 16, 12], "texture": "#0"},
				"east": {"uv": [0, 8, 12, 12], "rotation": 180, "texture": "#0"},
				"south": {"uv": [12, 4, 16, 8], "texture": "#0"},
				"west": {"uv": [0, 12, 12, 16], "texture": "#0"},
				"up": {"uv": [0, 0, 12, 4], "rotation": 90, "texture": "#0"},
				"down": {"uv": [0, 12, 12, 16], "rotation": 270, "texture": "#0"}
			}
		},
		{
			"from": [4, 9, 6],
			"to": [12, 17, 14],
			"faces": {
				"north": {"uv": [2, 2, 4, 4], "texture": "#1"},
				"east": {"uv": [0, 2, 2, 4], "texture": "#1"},
				"south": {"uv": [6, 2, 8, 4], "texture": "#1"},
				"west": {"uv": [4, 2, 6, 4], "texture": "#1"},
				"up": {"uv": [2, 0, 4, 2], "texture": "#1"},
				"down": {"uv": [4, 0, 6, 2], "texture": "#1"}
			}
		},
		{
			"from": [4, -3, 8],
			"to": [12, 9, 12],
			"faces": {
				"north": {"uv": [5, 5, 7, 8], "texture": "#1"},
				"east": {"uv": [4, 5, 5, 8], "texture": "#1"},
				"south": {"uv": [8, 5, 10, 8], "texture": "#1"},
				"west": {"uv": [7, 5, 8, 8], "texture": "#1"},
				"up": {"uv": [5, 4, 7, 5], "texture": "#1"},
				"down": {"uv": [7, 4, 9, 5], "texture": "#1"}
			}
		},
		{
			"from": [4, -15, 8],
			"to": [8, -3, 12],
			"faces": {
				"north": {"uv": [1, 5, 2, 8], "texture": "#1"},
				"east": {"uv": [0, 5, 1, 8], "texture": "#1"},
				"south": {"uv": [3, 5, 4, 8], "texture": "#1"},
				"west": {"uv": [2, 5, 3, 8], "texture": "#1"},
				"up": {"uv": [1, 4, 2, 5], "texture": "#1"},
				"down": {"uv": [2, 4, 3, 5], "texture": "#1"}
			}
		},
		{
			"from": [8, -15, 8],
			"to": [12, -3, 12],
			"faces": {
				"north": {"uv": [1, 5, 2, 8], "texture": "#1"},
				"east": {"uv": [0, 5, 1, 8], "texture": "#1"},
				"south": {"uv": [3, 5, 4, 8], "texture": "#1"},
				"west": {"uv": [2, 5, 3, 8], "texture": "#1"},
				"up": {"uv": [1, 4, 2, 5], "texture": "#1"},
				"down": {"uv": [2, 4, 3, 5], "texture": "#1"}
			}
		}
	],
	"display": {
		"head": {
			"translation": [0, 27, -3.25],
			"scale": [1.62, 1.62, 1.62]
		}
	}
}