{
    "parent": "item/generated",
    "textures": {
        "layer0": "item/beetroot_soup"
    },
    "overrides": [
        { "predicate": { "custom_model_data": 669001 }, "model": "morefoods/beetsoup/rice_bowl" },
        { "predicate": { "custom_model_data": 669002 }, "model": "morefoods/beetsoup/fish_and_chips" },
        { "predicate": { "custom_model_data": 669003 }, "model": "morefoods/beetsoup/coleslaw" },
        { "predicate": { "custom_model_data": 669004 }, "model": "morefoods/beetsoup/potato_salad" },
        { "predicate": { "custom_model_data": 669005 }, "model": "morefoods/beetsoup/vegetable_salad" }
    ]
}