{
	"parent": "item/generated",
	"textures": {
		"layer0": "item/bone"
	},
	
	"overrides": [
		{"predicate": {"custom_model_data":1}, "model": "item/hostile/skeleton/skeleton_head"},
		{"predicate": {"custom_model_data":2}, "model": "item/hostile/skeleton/skeleton_torso"},
		{"predicate": {"custom_model_data":3}, "model": "item/hostile/skeleton/skeleton_arm"},
		{"predicate": {"custom_model_data":4}, "model": "item/hostile/skeleton/skeleton_leg"},
		{"predicate": {"custom_model_data":5}, "model": "item/hostile/wither_skeleton/wither_skeleton_head"},
		{"predicate": {"custom_model_data":6}, "model": "item/hostile/wither_skeleton/wither_skeleton_torso"},
		{"predicate": {"custom_model_data":7}, "model": "item/hostile/wither_skeleton/wither_skeleton_arm"},
		{"predicate": {"custom_model_data":8}, "model": "item/hostile/wither_skeleton/wither_skeleton_leg"},
		{"predicate": {"custom_model_data":9}, "model": "item/hostile/stray/stray_head"},
		{"predicate": {"custom_model_data":10}, "model": "item/hostile/stray/stray_torso"},
		{"predicate": {"custom_model_data":11}, "model": "item/hostile/stray/stray_arm"},
		{"predicate": {"custom_model_data":12}, "model": "item/hostile/stray/stray_leg"}
	]
}