{
	"parent": "item/generated",
	"textures": {
		"layer0": "item/rotten_flesh"
	},
	
	"overrides": [
		{"predicate": {"custom_model_data":1}, "model": "item/hostile/zombie/zombie"},
		{"predicate": {"custom_model_data":2}, "model": "item/hostile/zombie/zombie_torso"},
		{"predicate": {"custom_model_data":3}, "model": "item/hostile/zombie/zombie_arm"},
		{"predicate": {"custom_model_data":4}, "model": "item/hostile/zombie/zombie_leg"},
		{"predicate": {"custom_model_data":5}, "model": "item/hostile/husk/husk"},
		{"predicate": {"custom_model_data":6}, "model": "item/hostile/husk/husk_torso"},
		{"predicate": {"custom_model_data":7}, "model": "item/hostile/husk/husk_arm"},
		{"predicate": {"custom_model_data":8}, "model": "item/hostile/husk/husk_leg"},
		{"predicate": {"custom_model_data":9}, "model": "item/hostile/husk/husk_head"},
		{"predicate": {"custom_model_data":10}, "model": "item/ragdoll/zombie_ragdoll_torso"},
		{"predicate": {"custom_model_data":11}, "model": "item/ragdoll/zombie_ragdoll_arm"},
		{"predicate": {"custom_model_data":12}, "model": "item/ragdoll/zombie_ragdoll_leg"},
		{"predicate": {"custom_model_data":13}, "model": "item/ragdoll/zombie_ragdoll_head"},
		{"predicate": {"custom_model_data":15}, "model": "item/hostile/drowned/drowned_torso"},
		{"predicate": {"custom_model_data":16}, "model": "item/hostile/drowned/drowned_right_arm"},
		{"predicate": {"custom_model_data":17}, "model": "item/hostile/drowned/drowned_left_arm"},
		{"predicate": {"custom_model_data":18}, "model": "item/hostile/drowned/drowned_right_leg"},
		{"predicate": {"custom_model_data":19}, "model": "item/hostile/drowned/drowned_left_leg"},
		{"predicate": {"custom_model_data":20}, "model": "item/hostile/drowned/drowned_head"},
		{"predicate": {"custom_model_data":30}, "model": "item/hostile/zombie/zombie_torso_crawler"},
		{"predicate": {"custom_model_data":31}, "model": "item/hostile/zombie/zombie_head_modified"},
		{"predicate": {"custom_model_data":35}, "model": "item/hostile/zombie_villager/plain_zombie_head"},
		{"predicate": {"custom_model_data":36}, "model": "item/hostile/zombie_villager/plain_zombie_torso"},
		{"predicate": {"custom_model_data":37}, "model": "item/hostile/zombie_villager/plain_zombie_arm"},
		{"predicate": {"custom_model_data":38}, "model": "item/hostile/zombie_villager/plain_zombie_leg"},
		{"predicate": {"custom_model_data":40}, "model": "item/hostile/zombie_villager/desert_zombie_head"},
		{"predicate": {"custom_model_data":41}, "model": "item/hostile/zombie_villager/desert_zombie_torso"},
		{"predicate": {"custom_model_data":42}, "model": "item/hostile/zombie_villager/desert_zombie_arm"},
		{"predicate": {"custom_model_data":43}, "model": "item/hostile/zombie_villager/desert_zombie_leg"},
		{"predicate": {"custom_model_data":45}, "model": "item/hostile/zombie_villager/savanna_zombie_head"},
		{"predicate": {"custom_model_data":46}, "model": "item/hostile/zombie_villager/savanna_zombie_torso"},
		{"predicate": {"custom_model_data":47}, "model": "item/hostile/zombie_villager/savanna_zombie_arm"},
		{"predicate": {"custom_model_data":48}, "model": "item/hostile/zombie_villager/savanna_zombie_leg"},
		{"predicate": {"custom_model_data":50}, "model": "item/hostile/zombie_villager/snow_zombie_head"},
		{"predicate": {"custom_model_data":51}, "model": "item/hostile/zombie_villager/snow_zombie_torso"},
		{"predicate": {"custom_model_data":52}, "model": "item/hostile/zombie_villager/snow_zombie_arm"},
		{"predicate": {"custom_model_data":53}, "model": "item/hostile/zombie_villager/snow_zombie_leg"},
		{"predicate": {"custom_model_data":55}, "model": "item/hostile/zombie_villager/taiga_zombie_head"},
		{"predicate": {"custom_model_data":56}, "model": "item/hostile/zombie_villager/taiga_zombie_torso"},
		{"predicate": {"custom_model_data":57}, "model": "item/hostile/zombie_villager/taiga_zombie_arm"},
		{"predicate": {"custom_model_data":58}, "model": "item/hostile/zombie_villager/taiga_zombie_leg"},
		{"predicate": {"custom_model_data":60}, "model": "item/hostile/zombie_villager/jungle_zombie_head"},
		{"predicate": {"custom_model_data":61}, "model": "item/hostile/zombie_villager/jungle_zombie_torso"},
		{"predicate": {"custom_model_data":62}, "model": "item/hostile/zombie_villager/jungle_zombie_arm"},
		{"predicate": {"custom_model_data":63}, "model": "item/hostile/zombie_villager/jungle_zombie_leg"},
		{"predicate": {"custom_model_data":65}, "model": "item/hostile/zombie_villager/swamp_zombie_head"},
		{"predicate": {"custom_model_data":66}, "model": "item/hostile/zombie_villager/swamp_zombie_torso"},
		{"predicate": {"custom_model_data":67}, "model": "item/hostile/zombie_villager/swamp_zombie_arm"},
		{"predicate": {"custom_model_data":68}, "model": "item/hostile/zombie_villager/swamp_zombie_leg"},
		{"predicate": {"custom_model_data":70}, "model": "item/ragdoll/ragdoll_plain_villager_torso"},
		{"predicate": {"custom_model_data":71}, "model": "item/ragdoll/ragdoll_plain_villager_leg"},
		{"predicate": {"custom_model_data":73}, "model": "item/ragdoll/ragdoll_plain_villager_head"}
		
	]
}