{
	"parent": "item/generated",
	"textures": {
		"layer0": "item/saddle"
	},
	
	"overrides": [
		{"predicate": {"custom_model_data":1}, "model": "item/hostile/ravanger/ravanger_1"},
		{"predicate": {"custom_model_data":2}, "model": "item/hostile/ravanger/ravanger_2"},
		{"predicate": {"custom_model_data":3}, "model": "item/hostile/ravanger/ravanger_3"},
		{"predicate": {"custom_model_data":4}, "model": "item/hostile/ravanger/ravanger_4"},
		{"predicate": {"custom_model_data":5}, "model": "item/hostile/ravanger/ravanger_5"},
		{"predicate": {"custom_model_data":6}, "model": "item/hostile/ravanger/ravanger_6"},
		{"predicate": {"custom_model_data":7}, "model": "item/hostile/ravanger/ravanger_7"}
	]
}