{
	"parent": "item/generated",
	"textures": {
		"layer0": "item/spider_eye"
	},
	
	"overrides": [
		{"predicate": {"custom_model_data":1}, "model": "item/hostile/spider/spider_torso_big"},
		{"predicate": {"custom_model_data":2}, "model": "item/hostile/spider/spider_torso_small"},
		{"predicate": {"custom_model_data":3}, "model": "item/hostile/spider/spider_leg"},
		{"predicate": {"custom_model_data":4}, "model": "item/hostile/spider/spider_head"},
		{"predicate": {"custom_model_data":5}, "model": "item/hostile/spider/cave_spider_torso_big"},
		{"predicate": {"custom_model_data":6}, "model": "item/hostile/spider/cave_spider_torso_small"},
		{"predicate": {"custom_model_data":7}, "model": "item/hostile/spider/cave_spider_leg"},
		{"predicate": {"custom_model_data":8}, "model": "item/hostile/spider/cave_spider_head"}
	]
}