{
	"credit": "Made with Blockbench",
	"texture_size": [32, 16],
	"textures": {
		"2": "entity/sheep/sheep",
		"particle": "item/mutton"
	},
	"elements": [
		{
			"from": [9, 0, 0],
			"to": [13, 12, 4],
			"faces": {
				"north": {"uv": [1, 10, 2, 16], "texture": "#2"},
				"east": {"uv": [0, 10, 1, 16], "texture": "#2"},
				"south": {"uv": [3, 10, 4, 16], "texture": "#2"},
				"west": {"uv": [2, 10, 3, 16], "texture": "#2"},
				"up": {"uv": [1, 8, 2, 10], "texture": "#2"},
				"down": {"uv": [2, 8, 3, 10], "texture": "#2"}
			}
		},
		{
			"from": [9, 0, 13],
			"to": [13, 12, 17],
			"faces": {
				"north": {"uv": [1, 10, 2, 16], "texture": "#2"},
				"east": {"uv": [0, 10, 1, 16], "texture": "#2"},
				"south": {"uv": [3, 10, 4, 16], "texture": "#2"},
				"west": {"uv": [2, 10, 3, 16], "texture": "#2"},
				"up": {"uv": [1, 8, 2, 10], "texture": "#2"},
				"down": {"uv": [2, 8, 3, 10], "texture": "#2"}
			}
		},
		{
			"from": [3, 0, 13],
			"to": [7, 12, 17],
			"faces": {
				"north": {"uv": [1, 10, 2, 16], "texture": "#2"},
				"east": {"uv": [0, 10, 1, 16], "texture": "#2"},
				"south": {"uv": [3, 10, 4, 16], "texture": "#2"},
				"west": {"uv": [2, 10, 3, 16], "texture": "#2"},
				"up": {"uv": [1, 8, 2, 10], "texture": "#2"},
				"down": {"uv": [2, 8, 3, 10], "texture": "#2"}
			}
		},
		{
			"from": [3, 0, 0],
			"to": [7, 12, 4],
			"faces": {
				"north": {"uv": [1, 10, 2, 16], "texture": "#2"},
				"east": {"uv": [0, 10, 1, 16], "texture": "#2"},
				"south": {"uv": [3, 10, 4, 16], "texture": "#2"},
				"west": {"uv": [2, 10, 3, 16], "texture": "#2"},
				"up": {"uv": [1, 8, 2, 10], "texture": "#2"},
				"down": {"uv": [2, 8, 3, 10], "texture": "#2"}
			}
		},
		{
			"from": [4, 12, -1],
			"to": [12, 18, 16],
			"faces": {
				"north": {"uv": [9, 4, 11, 7], "texture": "#2"},
				"east": {"uv": [7, 7, 8.5, 15], "rotation": 90, "texture": "#2"},
				"south": {"uv": [11, 4, 13, 7], "texture": "#2"},
				"west": {"uv": [10.5, 7, 12, 15], "rotation": 270, "texture": "#2"},
				"up": {"uv": [12, 7, 14, 15], "texture": "#2"},
				"down": {"uv": [9, 7, 11, 15], "rotation": 180, "texture": "#2"}
			}
		},
		{
			"from": [5, 16, -7],
			"to": [11, 22, 1],
			"faces": {
				"north": {"uv": [2, 4, 3.5, 7], "texture": "#2"},
				"east": {"uv": [0, 4, 1.95, 7], "texture": "#2"},
				"south": {"uv": [5.5, 4, 7, 7], "texture": "#2"},
				"west": {"uv": [3.5, 4, 5.45, 7], "texture": "#2"},
				"up": {"uv": [2, 0, 3.5, 3.95], "texture": "#2"},
				"down": {"uv": [3.5, 0, 5, 3.95], "texture": "#2"}
			}
		}
	],
	"display": {
		"thirdperson_righthand": {
			"rotation": [114, 0, 0],
			"translation": [1, 6.5, -6.25]
		},
		"thirdperson_lefthand": {
			"rotation": [114, 0, 0],
			"translation": [1, 6.5, -6.25]
		},
		"firstperson_righthand": {
			"rotation": [-1.5, 16, 0],
			"translation": [3.25, -6.25, 7.25]
		},
		"firstperson_lefthand": {
			"rotation": [-1.5, 16, 0],
			"translation": [3.25, -6.25, 7.25]
		},
		"ground": {
			"rotation": [0, 0, 90],
			"translation": [3.5, 2.25, 0]
		},
		"gui": {
			"rotation": [30, -130, 0],
			"translation": [-0.75, -1, 0],
			"scale": [0.5, 0.5, 0.5]
		},
		"head": {
			"translation": [0, 6.25, 0],
			"scale": [1.62, 1.62, 1.62]
		},
		"fixed": {
			"rotation": [-71, 0, 2],
			"translation": [0, -7.5, -14.5],
			"scale": [2, 2, 2]
		}
	},
	"groups": [
		{
			"name": "group",
			"origin": [8, 8, 8],
			"children": [0, 1, 2, 3, 4, 5]
		}
	]
}