{
	"credit": "Made with Blockbench",
	"texture_size": [32, 16],
	"textures": {
		"2": "entity/sheep/sheep",
		"particle": "item/mutton"
	},
	"elements": [
		{
			"from": [5, 0, 4],
			"to": [11, 6, 12],
			"rotation": {"angle": 0, "axis": "y", "origin": [8, -8, 20]},
			"faces": {
				"north": {"uv": [2, 4, 3.5, 7], "texture": "#2"},
				"east": {"uv": [0, 4, 1.95, 7], "texture": "#2"},
				"south": {"uv": [5.5, 4, 7, 7], "texture": "#2"},
				"west": {"uv": [3.5, 4, 5.45, 7], "texture": "#2"},
				"up": {"uv": [2, 0, 3.5, 3.95], "texture": "#2"},
				"down": {"uv": [3.5, 0, 5, 3.95], "texture": "#2"}
			}
		}
	],
	"display": {
		"thirdperson_righthand": {
			"rotation": [81, 0, 0],
			"translation": [-0.25, 0, 2]
		},
		"thirdperson_lefthand": {
			"rotation": [81, 0, 0],
			"translation": [-0.25, 0, 2]
		},
		"firstperson_righthand": {
			"rotation": [-1.5, 20, 0],
			"translation": [-2.5, 7.75, 7.25]
		},
		"firstperson_lefthand": {
			"rotation": [-1.5, 20, 0],
			"translation": [-2.5, 7.75, 7.25]
		},
		"ground": {
			"translation": [0, 5, 0]
		},
		"gui": {
			"rotation": [30, -130, 0],
			"translation": [0, 4.5, 0]
		},
		"head": {
			"translation": [0, 8, 0],
			"scale": [1.82, 1.82, 1.82]
		},
		"fixed": {
			"rotation": [0, 0, -2],
			"translation": [0, 10.25, -2.25],
			"scale": [2, 2, 2]
		}
	}
}