{
	"credit": "Made with Blockbench",
	"texture_size": [32, 16],
	"textures": {
		"2": "entity/sheep/sheep",
		"particle": "item/mutton"
	},
	"elements": [
		{
			"from": [4, 0, 0],
			"to": [12, 6, 16],
			"rotation": {"angle": 0, "axis": "y", "origin": [8, -4, 8]},
			"faces": {
				"north": {"uv": [9, 4, 11, 7], "texture": "#2"},
				"east": {"uv": [7, 7, 8.5, 15], "rotation": 90, "texture": "#2"},
				"south": {"uv": [11, 4, 13, 7], "texture": "#2"},
				"west": {"uv": [10.5, 7, 12, 15], "rotation": 270, "texture": "#2"},
				"up": {"uv": [12, 7, 14, 15], "texture": "#2"},
				"down": {"uv": [9, 7, 11, 15], "rotation": 180, "texture": "#2"}
			}
		}
	],
	"display": {
		"thirdperson_righthand": {
			"rotation": [86, 0, 0],
			"translation": [0, -0.25, 2]
		},
		"thirdperson_lefthand": {
			"rotation": [86, 0, 0],
			"translation": [0, -0.25, 2]
		},
		"firstperson_righthand": {
			"rotation": [-1.5, 16, 0],
			"translation": [2.5, 7.75, 7.25]
		},
		"firstperson_lefthand": {
			"rotation": [-1.5, 16, 0],
			"translation": [2.5, 7.75, 7.25]
		},
		"ground": {
			"translation": [0, 6, 0]
		},
		"gui": {
			"rotation": [30, -130, 0],
			"translation": [0, 4.25, 0],
			"scale": [0.9, 0.9, 0.9]
		},
		"head": {
			"translation": [0, 4.75, 0],
			"scale": [1.72, 1.72, 1.72]
		},
		"fixed": {
			"rotation": [-71, 0, 2],
			"translation": [0, -7.5, -14.5],
			"scale": [2, 2, 2]
		}
	}
}