{
	"credit": "Made with Blockbench",
	"texture_size": [32, 16],
	"textures": {
		"2": "entity/sheep/sheep",
		"particle": "item/mutton"
	},
	"elements": [
		{
			"from": [6, 0, 6],
			"to": [10, 12, 10],
			"rotation": {"angle": 0, "axis": "y", "origin": [8, 6, 8]},
			"faces": {
				"north": {"uv": [1, 10, 2, 16], "texture": "#2"},
				"east": {"uv": [0, 10, 1, 16], "texture": "#2"},
				"south": {"uv": [3, 10, 4, 16], "texture": "#2"},
				"west": {"uv": [2, 10, 3, 16], "texture": "#2"},
				"up": {"uv": [1, 8, 2, 10], "texture": "#2"},
				"down": {"uv": [2, 8, 3, 10], "texture": "#2"}
			}
		}
	],
	"display": {
		"thirdperson_righthand": {
			"rotation": [93, 0, 0],
			"translation": [0, -1.75, -3.5]
		},
		"thirdperson_lefthand": {
			"rotation": [93, 0, 0],
			"translation": [0, -1.75, -3.5]
		},
		"firstperson_righthand": {
			"rotation": [0, 27, 0],
			"translation": [0, 3.75, 1]
		},
		"firstperson_lefthand": {
			"rotation": [0, 27, 0],
			"translation": [0, 3.75, 1]
		},
		"ground": {
			"rotation": [90, 0, 0],
			"translation": [0, 0.5, 2.75]
		},
		"gui": {
			"rotation": [30, 130, 0],
			"translation": [0, 1.5, 0]
		},
		"head": {
			"translation": [0, -0.75, 0],
			"scale": [1.62, 1.62, 1.62]
		},
		"fixed": {
			"translation": [0, 0, -2.25]
		}
	}
}