{
    "entity.wandering_soul.when_hit": {
      "sounds": [{
        "name": "acbag:entity/wandering_soul/when_hit",
        "stream": true
      }],
      "subtitle": "subtitles.acbag.entity.wandering_soul.when_hit",
      "category": "master"
    },
    "entity.yeti.when_hit": {
      "sounds": [{
        "name": "acbag:entity/yeti/when_hit",
        "stream": true
      }],
      "subtitle": "subtitles.acbag.entity.yeti.when_hit",
      "category": "master"
    },
    "entity.sea_goblin.when_hit": {
      "sounds": [{
        "name": "acbag:entity/sea_goblin/when_hit",
        "stream": true
      }],
      "subtitle": "subtitles.acbag.entity.sea_goblin.when_hit",
      "category": "master"
    }
}