{
	"credit": "Made with Blockbench",
	"textures": {
		"1": "item/soul"
	},
	"elements": [
		{
			"from": [6, 0, 7],
			"to": [10, 4, 10],
			"faces": {
				"north": {"uv": [6, 0, 10, 4], "texture": "#1"},
				"east": {"uv": [2, 0, 6, 4], "texture": "#1"},
				"south": {"uv": [10, 2, 12, 4], "texture": "#1"},
				"west": {"uv": [0, 0, 3, 4], "texture": "#1"},
				"up": {"uv": [0, 4, 3, 8], "rotation": 90, "texture": "#1"},
				"down": {"uv": [0, 4, 3, 8], "rotation": 90, "texture": "#1"}
			}
		},
		{
			"from": [7, 0, 9.8],
			"to": [7, 4, 14.8],
			"rotation": {"angle": 22.5, "axis": "y", "origin": [7, 2, 12.5]},
			"faces": {
				"north": {"uv": [0, 0, 0, 4], "texture": "#1"},
				"east": {"uv": [10, 2, 12, 4], "texture": "#1"},
				"south": {"uv": [0, 0, 0, 4], "texture": "#1"},
				"west": {"uv": [0, 8, 10, 16], "rotation": 180, "texture": "#1"},
				"up": {"uv": [0, 0, 0, 5], "texture": "#1"},
				"down": {"uv": [0, 0, 0, 5], "texture": "#1"}
			}
		},
		{
			"from": [9, 0, 9.8],
			"to": [9, 4, 14.8],
			"rotation": {"angle": -22.5, "axis": "y", "origin": [9, 2, 12.5]},
			"faces": {
				"north": {"uv": [0, 0, 0, 4], "texture": "#1"},
				"east": {"uv": [0, 8, 10, 16], "texture": "#1"},
				"south": {"uv": [0, 0, 0, 4], "texture": "#1"},
				"west": {"uv": [10, 2, 12, 4], "texture": "#1"},
				"up": {"uv": [0, 0, 0, 5], "texture": "#1"},
				"down": {"uv": [0, 0, 0, 5], "texture": "#1"}
			}
		},
		{
			"from": [6, 3, 9.8],
			"to": [10, 3, 14.8],
			"rotation": {"angle": 22.5, "axis": "x", "origin": [8, 3, 12.5]},
			"faces": {
				"north": {"uv": [0, 0, 4, 0], "texture": "#1"},
				"east": {"uv": [0, 0, 6, 0], "texture": "#1"},
				"south": {"uv": [0, 0, 4, 0], "texture": "#1"},
				"west": {"uv": [0, 0, 6, 0], "texture": "#1"},
				"up": {"uv": [0, 8, 10, 16], "rotation": 270, "texture": "#1"},
				"down": {"uv": [10, 2, 12, 4], "texture": "#1"}
			}
		},
		{
			"from": [6, 1, 9.8],
			"to": [10, 1, 14.8],
			"rotation": {"angle": -22.5, "axis": "x", "origin": [8, 1, 12.5]},
			"faces": {
				"north": {"uv": [0, 0, 4, 0], "texture": "#1"},
				"east": {"uv": [0, 0, 5, 0], "texture": "#1"},
				"south": {"uv": [0, 0, 4, 0], "texture": "#1"},
				"west": {"uv": [0, 0, 5, 0], "texture": "#1"},
				"up": {"uv": [10, 2, 12, 4], "rotation": 270, "texture": "#1"},
				"down": {"uv": [0, 8, 8, 16], "rotation": 90, "texture": "#1"}
			}
		}
	],
	"display": {
		"thirdperson_righthand": {
			"translation": [0, 6.5, 0]
		},
		"thirdperson_lefthand": {
			"translation": [0, 7, 0]
		},
		"firstperson_righthand": {
			"translation": [0, 8.25, 0]
		},
		"firstperson_lefthand": {
			"translation": [0, 7.25, 0]
		},
		"ground": {
			"translation": [0, 3.25, 0]
		},
		"gui": {
			"rotation": [-90, 0, 0]
		},
		"head": {
			"translation": [0, 5, -1],
			"scale": [1.62, 1.62, 1.62]
		}
	}
}