{
	"credit": "Made with Blockbench",
	"textures": {
		"1": "item/soul"
	},
	"elements": [
		{
			"from": [6, 0, 6],
			"to": [10, 4, 10],
			"faces": {
				"north": {"uv": [6, 0, 10, 4], "texture": "#1"},
				"east": {"uv": [0, 0, 4, 4], "texture": "#1"},
				"south": {"uv": [0, 0, 4, 4], "texture": "#1"},
				"west": {"uv": [2, 0, 6, 4], "texture": "#1"},
				"up": {"uv": [0, 4, 4, 8], "rotation": 90, "texture": "#1"},
				"down": {"uv": [2, 4, 6, 8], "rotation": 90, "texture": "#1"}
			}
		},
		{
			"from": [6.25, 0.25, 5.9],
			"to": [9.75, 3.75, 5.9],
			"faces": {
				"north": {"uv": [11, 1, 14, 4], "texture": "#1"},
				"east": {"uv": [0, 0, 0, 4], "texture": "#1"},
				"south": {"uv": [13, 3, 16, 6], "texture": "#1"},
				"west": {"uv": [0, 0, 0, 4], "texture": "#1"},
				"up": {"uv": [0, 0, 4, 0], "rotation": 180, "texture": "#1"},
				"down": {"uv": [0, 0, 4, 0], "rotation": 180, "texture": "#1"}
			}
		}
	],
	"display": {
		"thirdperson_righthand": {
			"translation": [0, 6.5, 0]
		},
		"thirdperson_lefthand": {
			"translation": [0, 7, 0]
		},
		"firstperson_righthand": {
			"translation": [0, 8.25, 0]
		},
		"firstperson_lefthand": {
			"translation": [0, 7.25, 0]
		},
		"ground": {
			"translation": [0, 3.25, 0]
		},
		"gui": {
			"rotation": [-90, 0, 0]
		},
		"head": {
			"translation": [0, 5, 0],
			"scale": [1.62, 1.62, 1.62]
		}
	}
}