{
	"credit": "Made with Blockbench",
	"textures": {
		"0": "acbag:block/soul_cauldron/body",
		"particle": "acbag:block/soul_cauldron/body"
	},
	"elements": [
		{
			"from": [11.5, 8, 6.5],
			"to": [11.5, 24, 9.5],
			"faces": {
				"north": {"uv": [0, 0, 0, 0], "texture": "#0"},
				"east": {"uv": [8.75, 0, 9.5, 4], "texture": "#0"},
				"south": {"uv": [0, 0, 0, 0], "texture": "#0"},
				"west": {"uv": [8.75, 0, 9.5, 4], "texture": "#0"},
				"up": {"uv": [0, 0, 0, 0], "texture": "#0"},
				"down": {"uv": [0, 0, 0, 0], "texture": "#0"}
			}
		},
		{
			"from": [10, 8, 8],
			"to": [13, 24, 8],
			"faces": {
				"north": {"uv": [8, 0, 8.75, 4], "texture": "#0"},
				"east": {"uv": [0, 0, 0, 0], "texture": "#0"},
				"south": {"uv": [8, 0, 8.75, 4], "texture": "#0"},
				"west": {"uv": [0, 0, 0, 0], "texture": "#0"},
				"up": {"uv": [0, 0, 0, 0], "texture": "#0"},
				"down": {"uv": [0, 0, 0, 0], "texture": "#0"}
			}
		},
		{
			"from": [3, 8, 8],
			"to": [6, 24, 8],
			"faces": {
				"north": {"uv": [8, 0, 8.75, 4], "texture": "#0"},
				"east": {"uv": [0, 0, 0, 0], "texture": "#0"},
				"south": {"uv": [8, 0, 8.75, 4], "texture": "#0"},
				"west": {"uv": [0, 0, 0, 0], "texture": "#0"},
				"up": {"uv": [0, 0, 0, 0], "texture": "#0"},
				"down": {"uv": [0, 0, 0, 0], "texture": "#0"}
			}
		},
		{
			"from": [4.5, 8, 6.5],
			"to": [4.5, 24, 9.5],
			"faces": {
				"north": {"uv": [0, 0, 0, 0], "texture": "#0"},
				"east": {"uv": [8.75, 0, 9.5, 4], "texture": "#0"},
				"south": {"uv": [0, 0, 0, 0], "texture": "#0"},
				"west": {"uv": [8.75, 0, 9.5, 4], "texture": "#0"},
				"up": {"uv": [0, 0, 0, 0], "texture": "#0"},
				"down": {"uv": [0, 0, 0, 0], "texture": "#0"}
			}
		},
		{
			"from": [0, -3, 7],
			"to": [2, 8, 9],
			"faces": {
				"north": {"uv": [0, 6, 0.5, 8.75], "texture": "#0"},
				"east": {"uv": [1.75, 7, 2.25, 9.75], "texture": "#0"},
				"south": {"uv": [1.75, 7.25, 2.25, 10], "texture": "#0"},
				"west": {"uv": [2.5, 6.25, 3, 9], "texture": "#0"},
				"up": {"uv": [0, 0, 2, 2], "texture": "#0"},
				"down": {"uv": [0, 0, 2, 2], "texture": "#0"}
			}
		},
		{
			"from": [0, 14, 7],
			"to": [2, 26, 9],
			"faces": {
				"north": {"uv": [0, 6, 0.5, 8.75], "texture": "#0"},
				"east": {"uv": [0, 6, 0.5, 8.75], "texture": "#0"},
				"south": {"uv": [0, 6, 0.5, 8.75], "texture": "#0"},
				"west": {"uv": [0, 6, 0.5, 8.75], "texture": "#0"},
				"up": {"uv": [0, 0, 2, 2], "texture": "#missing"},
				"down": {"uv": [0, 0, 2, 2], "texture": "#missing"}
			}
		},
		{
			"from": [-0.5, 8, 6.5],
			"to": [2.5, 14, 9.5],
			"faces": {
				"north": {"uv": [9.5, 2, 10.25, 3.5], "texture": "#0"},
				"east": {"uv": [12.75, 0.5, 13.5, 2], "texture": "#0"},
				"south": {"uv": [9.5, 2, 10.25, 3.5], "texture": "#0"},
				"west": {"uv": [9.5, 2, 10.25, 3.5], "texture": "#0"},
				"up": {"uv": [12.75, 0, 13.5, 0.75], "texture": "#0"},
				"down": {"uv": [9.5, 3.25, 10.25, 4], "texture": "#0"}
			}
		},
		{
			"from": [-0.5, -4, 6.5],
			"to": [2.5, -3, 9.5],
			"faces": {
				"north": {"uv": [9.5, 3.75, 10.25, 4], "texture": "#0"},
				"east": {"uv": [9.5, 3.25, 10.25, 3.5], "texture": "#0"},
				"south": {"uv": [9.5, 3.75, 10.25, 4], "texture": "#0"},
				"west": {"uv": [9.5, 3.5, 10.25, 3.75], "texture": "#0"},
				"up": {"uv": [12.75, 0, 13.5, 0.75], "texture": "#0"},
				"down": {"uv": [9.5, 3.25, 10.25, 4], "texture": "#0"}
			}
		},
		{
			"from": [-0.5, 25, 6.5],
			"to": [2.5, 28, 9.5],
			"faces": {
				"north": {"uv": [9.5, 1.5, 10.25, 2.25], "texture": "#0"},
				"east": {"uv": [9.5, 1.5, 10.25, 2.25], "texture": "#0"},
				"south": {"uv": [9.5, 1.5, 10.25, 2.25], "texture": "#0"},
				"west": {"uv": [9.5, 1.5, 10.25, 2.25], "texture": "#0"},
				"up": {"uv": [12.75, 1.75, 13.5, 2.5], "texture": "#0"},
				"down": {"uv": [12.75, 1.75, 13.5, 2.5], "texture": "#0"}
			}
		},
		{
			"from": [13.5, -4, 6.5],
			"to": [16.5, -3, 9.5],
			"faces": {
				"north": {"uv": [9.5, 3.75, 10.25, 4], "texture": "#0"},
				"east": {"uv": [9.5, 3.25, 10.25, 3.5], "texture": "#0"},
				"south": {"uv": [9.5, 3.75, 10.25, 4], "texture": "#0"},
				"west": {"uv": [9.5, 3.5, 10.25, 3.75], "texture": "#0"},
				"up": {"uv": [12.75, 0, 13.5, 0.75], "texture": "#0"},
				"down": {"uv": [9.5, 3.25, 10.25, 4], "texture": "#0"}
			}
		},
		{
			"from": [14, -3, 7],
			"to": [16, 8, 9],
			"faces": {
				"north": {"uv": [0, 6, 0.5, 8.75], "texture": "#0"},
				"east": {"uv": [1.75, 7, 2.25, 9.75], "texture": "#0"},
				"south": {"uv": [1.75, 7.25, 2.25, 10], "texture": "#0"},
				"west": {"uv": [2.5, 6.25, 3, 9], "texture": "#0"},
				"up": {"uv": [0, 0, 2, 2], "texture": "#0"},
				"down": {"uv": [0, 0, 2, 2], "texture": "#0"}
			}
		},
		{
			"from": [13.5, 8, 6.5],
			"to": [16.5, 14, 9.5],
			"faces": {
				"north": {"uv": [9.5, 2, 10.25, 3.5], "texture": "#0"},
				"east": {"uv": [12.75, 0.5, 13.5, 2], "texture": "#0"},
				"south": {"uv": [9.5, 2, 10.25, 3.5], "texture": "#0"},
				"west": {"uv": [9.5, 2, 10.25, 3.5], "texture": "#0"},
				"up": {"uv": [12.75, 0, 13.5, 0.75], "texture": "#0"},
				"down": {"uv": [9.5, 3.25, 10.25, 4], "texture": "#0"}
			}
		},
		{
			"from": [14, 14, 7],
			"to": [16, 26, 9],
			"faces": {
				"north": {"uv": [0, 6, 0.5, 8.75], "texture": "#0"},
				"east": {"uv": [0, 6, 0.5, 8.75], "texture": "#0"},
				"south": {"uv": [0, 6, 0.5, 8.75], "texture": "#0"},
				"west": {"uv": [0, 6, 0.5, 8.75], "texture": "#0"},
				"up": {"uv": [0, 0, 2, 2], "texture": "#missing"},
				"down": {"uv": [0, 0, 2, 2], "texture": "#missing"}
			}
		},
		{
			"from": [13.5, 25, 6.5],
			"to": [16.5, 28, 9.5],
			"faces": {
				"north": {"uv": [9.5, 1.5, 10.25, 2.25], "texture": "#0"},
				"east": {"uv": [9.5, 1.5, 10.25, 2.25], "texture": "#0"},
				"south": {"uv": [9.5, 1.5, 10.25, 2.25], "texture": "#0"},
				"west": {"uv": [9.5, 1.5, 10.25, 2.25], "texture": "#0"},
				"up": {"uv": [12.75, 1.75, 13.5, 2.5], "texture": "#0"},
				"down": {"uv": [12.75, 1.75, 13.5, 2.5], "texture": "#0"}
			}
		},
		{
			"from": [2.5, 25.5, 7],
			"to": [13.5, 27.5, 9],
			"faces": {
				"north": {"uv": [0, 6, 2.75, 6.5], "texture": "#0"},
				"east": {"uv": [0, 0, 2, 2], "texture": "#missing"},
				"south": {"uv": [0.75, 7.25, 3.5, 7.75], "texture": "#0"},
				"west": {"uv": [0, 0, 2, 2], "texture": "#missing"},
				"up": {"uv": [0.5, 8.25, 3.25, 8.75], "texture": "#0"},
				"down": {"uv": [0.75, 8.25, 3.5, 8.75], "texture": "#0"}
			}
		},
		{
			"from": [4, 24, 12],
			"to": [12, 32, 12],
			"faces": {
				"north": {"uv": [6, 2, 8, 4], "texture": "#0"},
				"east": {"uv": [0, 0, 2, 2], "texture": "#0"},
				"south": {"uv": [0, 0, 2, 2], "texture": "#0"},
				"west": {"uv": [0, 0, 2, 2], "texture": "#0"},
				"up": {"uv": [0, 0, 2, 2], "texture": "#0"},
				"down": {"uv": [0, 0, 2, 2], "texture": "#0"}
			}
		},
		{
			"from": [4, 32, 4],
			"to": [12, 32, 12],
			"faces": {
				"north": {"uv": [6, 2, 8, 4], "texture": "#0"},
				"east": {"uv": [0, 0, 2, 2], "texture": "#0"},
				"south": {"uv": [0, 0, 2, 2], "texture": "#0"},
				"west": {"uv": [0, 0, 2, 2], "texture": "#0"},
				"up": {"uv": [0, 0, 2, 2], "texture": "#0"},
				"down": {"uv": [2, 0, 4, 2], "texture": "#0"}
			}
		},
		{
			"from": [4, 24, 4],
			"to": [12, 24, 12],
			"faces": {
				"north": {"uv": [6, 2, 8, 4], "texture": "#0"},
				"east": {"uv": [0, 0, 2, 2], "texture": "#0"},
				"south": {"uv": [0, 0, 2, 2], "texture": "#0"},
				"west": {"uv": [0, 0, 2, 2], "texture": "#0"},
				"up": {"uv": [4, 0, 6, 2], "texture": "#0"},
				"down": {"uv": [0, 0, 2, 2], "texture": "#0"}
			}
		},
		{
			"from": [4, 24, 4],
			"to": [12, 32, 4],
			"faces": {
				"north": {"uv": [0, 0, 2, 2], "texture": "#0"},
				"east": {"uv": [0, 0, 2, 2], "texture": "#0"},
				"south": {"uv": [2, 2, 4, 4], "texture": "#0"},
				"west": {"uv": [0, 0, 2, 2], "texture": "#0"},
				"up": {"uv": [0, 0, 2, 2], "texture": "#0"},
				"down": {"uv": [0, 0, 2, 2], "texture": "#0"}
			}
		},
		{
			"from": [12, 24, 4],
			"to": [12, 32, 12],
			"faces": {
				"north": {"uv": [0, 0, 2, 2], "texture": "#0"},
				"east": {"uv": [0, 0, 2, 2], "texture": "#0"},
				"south": {"uv": [0, 0, 2, 2], "texture": "#0"},
				"west": {"uv": [4, 2, 6, 4], "texture": "#0"},
				"up": {"uv": [0, 0, 2, 2], "texture": "#0"},
				"down": {"uv": [0, 0, 2, 2], "texture": "#0"}
			}
		},
		{
			"from": [4, 24, 4],
			"to": [4, 32, 12],
			"faces": {
				"north": {"uv": [0, 0, 2, 2], "texture": "#0"},
				"east": {"uv": [0, 2, 2, 4], "texture": "#0"},
				"south": {"uv": [0, 0, 2, 2], "texture": "#0"},
				"west": {"uv": [0, 0, 2, 2], "texture": "#0"},
				"up": {"uv": [0, 0, 2, 2], "texture": "#0"},
				"down": {"uv": [0, 0, 2, 2], "texture": "#0"}
			}
		},
		{
			"from": [4, 24, 4],
			"to": [12, 32, 12],
			"faces": {
				"north": {"uv": [2, 2, 4, 4], "texture": "#0"},
				"east": {"uv": [4, 2, 6, 4], "texture": "#0"},
				"south": {"uv": [6, 2, 8, 4], "texture": "#0"},
				"west": {"uv": [0, 2, 2, 4], "texture": "#0"},
				"up": {"uv": [2, 0, 4, 2], "texture": "#0"},
				"down": {"uv": [4, 0, 6, 2], "texture": "#0"}
			}
		},
		{
			"from": [4, 6, 5],
			"to": [5, 7, 6],
			"faces": {
				"north": {"uv": [0, 0, 1, 1], "rotation": 180, "texture": "#0"},
				"east": {"uv": [4, 4, 4.5, 4.25], "rotation": 180, "texture": "#0"},
				"south": {"uv": [4, 4, 4.5, 4.25], "rotation": 180, "texture": "#0"},
				"west": {"uv": [4, 4, 4.5, 4.25], "rotation": 270, "texture": "#0"},
				"up": {"uv": [4, 4, 4.5, 4.25], "texture": "#0"},
				"down": {"uv": [0, 0, 1, 1], "texture": "#0"}
			}
		},
		{
			"from": [4, 6, 4],
			"to": [6, 7, 5],
			"faces": {
				"north": {"uv": [4, 4, 4.5, 4.25], "rotation": 180, "texture": "#0"},
				"east": {"uv": [4, 4, 4.5, 4.25], "rotation": 180, "texture": "#0"},
				"south": {"uv": [4, 4, 4.5, 4.25], "rotation": 180, "texture": "#0"},
				"west": {"uv": [4, 4, 4.5, 4.25], "rotation": 270, "texture": "#0"},
				"up": {"uv": [4, 4, 4.5, 4.25], "texture": "#0"},
				"down": {"uv": [4, 4, 4.5, 4.25], "rotation": 90, "texture": "#0"}
			}
		},
		{
			"from": [11, 6, 4],
			"to": [12, 7, 6],
			"faces": {
				"north": {"uv": [4, 4, 4.5, 4.25], "rotation": 270, "texture": "#0"},
				"east": {"uv": [4, 4, 4.5, 4.25], "rotation": 180, "texture": "#0"},
				"south": {"uv": [4, 4, 4.5, 4.25], "rotation": 180, "texture": "#0"},
				"west": {"uv": [4, 4, 4.5, 4.25], "rotation": 180, "texture": "#0"},
				"up": {"uv": [4, 4, 4.5, 4.25], "rotation": 90, "texture": "#0"},
				"down": {"uv": [4, 4, 4.5, 4.25], "rotation": 90, "texture": "#0"}
			}
		},
		{
			"from": [10, 6, 4],
			"to": [11, 7, 5],
			"faces": {
				"north": {"uv": [4, 4, 4.5, 4.25], "rotation": 270, "texture": "#0"},
				"east": {"uv": [0, 0, 1, 1], "rotation": 180, "texture": "#0"},
				"south": {"uv": [4, 4, 4.5, 4.25], "rotation": 180, "texture": "#0"},
				"west": {"uv": [4, 4, 4.5, 4.25], "rotation": 180, "texture": "#0"},
				"up": {"uv": [4, 4, 4.5, 4.25], "rotation": 90, "texture": "#0"},
				"down": {"uv": [4, 4, 4.5, 4.25], "rotation": 90, "texture": "#0"}
			}
		},
		{
			"from": [4, 6, 10],
			"to": [5, 7, 11],
			"faces": {
				"north": {"uv": [4, 4, 4.5, 4.25], "texture": "#0"},
				"east": {"uv": [4, 4, 4.5, 4.25], "texture": "#0"},
				"south": {"uv": [0, 0, 1, 1], "texture": "#0"},
				"west": {"uv": [4, 4, 4.5, 4.25], "rotation": 90, "texture": "#0"},
				"up": {"uv": [0, 0, 1, 1], "texture": "#0"},
				"down": {"uv": [4, 4, 4.5, 4.25], "texture": "#0"}
			}
		},
		{
			"from": [4, 6, 11],
			"to": [6, 7, 12],
			"faces": {
				"north": {"uv": [4, 4, 4.5, 4.25], "texture": "#0"},
				"east": {"uv": [4, 4, 4.5, 4.25], "texture": "#0"},
				"south": {"uv": [4, 4, 4.5, 4.25], "texture": "#0"},
				"west": {"uv": [4, 4, 4.5, 4.25], "rotation": 90, "texture": "#0"},
				"up": {"uv": [0, 0, 2, 1], "texture": "#0"},
				"down": {"uv": [4, 4, 4.5, 4.25], "texture": "#0"}
			}
		},
		{
			"from": [10, 6, 11],
			"to": [11, 7, 12],
			"faces": {
				"north": {"uv": [4, 4, 4.5, 4.25], "texture": "#0"},
				"east": {"uv": [0, 0, 1, 1], "texture": "#0"},
				"south": {"uv": [4, 4, 4.5, 4.25], "rotation": 90, "texture": "#0"},
				"west": {"uv": [4, 4, 4.5, 4.25], "texture": "#0"},
				"up": {"uv": [0, 0, 1, 1], "rotation": 270, "texture": "#0"},
				"down": {"uv": [4, 4, 4.5, 4.25], "rotation": 90, "texture": "#0"}
			}
		},
		{
			"from": [11, 6, 10],
			"to": [12, 7, 12],
			"faces": {
				"north": {"uv": [4, 4, 4.5, 4.25], "texture": "#0"},
				"east": {"uv": [4, 4, 4.5, 4.25], "texture": "#0"},
				"south": {"uv": [4, 4, 4.5, 4.25], "rotation": 90, "texture": "#0"},
				"west": {"uv": [4, 4, 4.5, 4.25], "texture": "#0"},
				"up": {"uv": [0, 0, 2, 1], "rotation": 270, "texture": "#0"},
				"down": {"uv": [4, 4, 4.5, 4.25], "rotation": 90, "texture": "#0"}
			}
		},
		{
			"from": [4, 7, 4],
			"to": [12, 12, 12],
			"faces": {
				"north": {"uv": [0, 4.5, 2, 5.75], "texture": "#0"},
				"east": {"uv": [0, 4.5, 2, 5.75], "texture": "#0"},
				"south": {"uv": [0, 4.5, 2, 5.75], "texture": "#0"},
				"west": {"uv": [0, 4.5, 2, 5.75], "texture": "#0"},
				"up": {"uv": [6, 4, 8, 6], "texture": "#0"},
				"down": {"uv": [6, 4, 8, 6], "texture": "#0"}
			}
		},
		{
			"from": [4, 12, 4],
			"to": [5, 14, 11],
			"faces": {
				"north": {"uv": [1.75, 4, 2, 4.5], "texture": "#0"},
				"east": {"uv": [0, 4, 1.75, 4.5], "texture": "#0"},
				"south": {"uv": [0, 0, 1, 2], "texture": "#0"},
				"west": {"uv": [0, 4, 1.75, 4.5], "texture": "#0"},
				"up": {"uv": [2, 4, 2.25, 5.75], "texture": "#0"},
				"down": {"uv": [0, 0, 7, 1], "rotation": 270, "texture": "#0"}
			}
		},
		{
			"from": [5, 12, 4],
			"to": [12, 14, 5],
			"faces": {
				"north": {"uv": [0, 4, 1.75, 4.5], "texture": "#0"},
				"east": {"uv": [1.75, 4, 2, 4.5], "texture": "#0"},
				"south": {"uv": [0, 4, 1.75, 4.5], "texture": "#0"},
				"west": {"uv": [0, 4, 2, 4.5], "texture": "#0"},
				"up": {"uv": [2.25, 4, 4, 4.25], "texture": "#0"},
				"down": {"uv": [0, 0, 7, 1], "texture": "#0"}
			}
		},
		{
			"from": [4, 12, 11],
			"to": [11, 14, 12],
			"faces": {
				"north": {"uv": [0, 4, 1.75, 4.5], "texture": "#0"},
				"east": {"uv": [0, 0, 1, 2], "texture": "#0"},
				"south": {"uv": [0, 4, 1.75, 4.5], "texture": "#0"},
				"west": {"uv": [1.75, 4, 2, 4.5], "texture": "#0"},
				"up": {"uv": [2, 5.75, 3.75, 6], "texture": "#0"},
				"down": {"uv": [0, 0, 7, 1], "texture": "#0"}
			}
		},
		{
			"from": [11, 12, 5],
			"to": [12, 14, 12],
			"faces": {
				"north": {"uv": [0, 0, 1, 2], "texture": "#0"},
				"east": {"uv": [0, 4, 1.75, 4.5], "texture": "#0"},
				"south": {"uv": [1.75, 4, 2, 4.5], "texture": "#0"},
				"west": {"uv": [0, 4, 2, 4.5], "texture": "#0"},
				"up": {"uv": [3.75, 4, 4, 5.75], "texture": "#0"},
				"down": {"uv": [0, 0, 7, 1], "rotation": 270, "texture": "#0"}
			}
		}
	],
	"display": {
		"head": {
			"translation": [0, -17.5, 0],
			"scale": [1.4, 1.4, 1.4]
		}
	},
	"groups": [0, 1, 2, 3, 4, 5, 6, 7, 8, 9, 10, 11, 12, 13, 14, 15, 16, 17, 18, 19, 20, 21,
		{
			"name": "cauldron",
			"origin": [0, 0, 0],
			"color": 0,
			"children": [22, 23, 24, 25, 26, 27, 28, 29, 30, 31, 32, 33, 34, 35]
		}
	]
}