{
	"credit": "Made with Blockbench",
	"texture_size": [32, 16],
	"textures": {
		"1": "entity/chicken"
	},
	"elements": [
		{
			"from": [7, 9, 2],
			"to": [9, 11, 3],
			"faces": {
				"north": {"uv": [3.5, 3, 4, 4], "texture": "#1"},
				"east": {"uv": [3.5, 3, 4, 4], "texture": "#1"},
				"south": {"uv": [4, 3, 5, 4], "texture": "#1"},
				"west": {"uv": [5, 3, 5.5, 4], "texture": "#1"},
				"up": {"uv": [4, 2, 5, 3], "texture": "#1"},
				"down": {"uv": [4, 2, 5, 3], "texture": "#1"}
			}
		},
		{
			"from": [6, 11, 1],
			"to": [10, 13, 3],
			"faces": {
				"north": {"uv": [4, 1, 5, 2], "texture": "#1"},
				"east": {"uv": [3.5, 1, 4, 2], "texture": "#1"},
				"south": {"uv": [5, 0, 6, 1], "texture": "#1"},
				"west": {"uv": [5, 1, 5.5, 2], "texture": "#1"},
				"up": {"uv": [4, 0, 5, 1], "rotation": 180, "texture": "#1"},
				"down": {"uv": [5.5, 1, 6.5, 2], "texture": "#1"}
			}
		},
		{
			"from": [6, 9, 3],
			"to": [10, 15, 6],
			"faces": {
				"north": {"uv": [0.75, 1.5, 1.75, 4.5], "texture": "#1"},
				"east": {"uv": [0, 1.5, 0.75, 4.5], "texture": "#1"},
				"south": {"uv": [1.75, 1.5, 2.75, 4.5], "texture": "#1"},
				"west": {"uv": [2.75, 1.5, 3.5, 4.5], "texture": "#1"},
				"up": {"uv": [0.75, 0, 1.75, 1.5], "texture": "#1"},
				"down": {"uv": [1.75, 0, 2.75, 1.5], "texture": "#1"}
			}
		},
		{
			"from": [5, 5, 5],
			"to": [11, 11, 13],
			"faces": {
				"north": {"uv": [1.5, 4.5, 3, 7.5], "texture": "#1"},
				"east": {"uv": [3.25, 7.5, 4.5, 11.5], "texture": "#1"},
				"south": {"uv": [3, 4.5, 4.5, 7.5], "texture": "#1"},
				"west": {"uv": [0, 7.5, 1.5, 11.5], "rotation": 90, "texture": "#1"},
				"up": {"uv": [4.5, 7.5, 6, 11.5], "texture": "#1"},
				"down": {"uv": [1.5, 7.5, 3, 11.5], "texture": "#1"}
			}
		},
		{
			"from": [4, 7, 6],
			"to": [5, 11, 12],
			"faces": {
				"north": {"uv": [7.5, 9.5, 7.75, 11.5], "texture": "#1"},
				"east": {"uv": [8, 9.5, 9.5, 11.5], "texture": "#1"},
				"south": {"uv": [7.5, 6.5, 8, 9.5], "rotation": 180, "texture": "#1"},
				"west": {"uv": [6, 9.5, 7.5, 11.5], "texture": "#1"},
				"up": {"uv": [7.5, 6.5, 8, 9.5], "texture": "#1"},
				"down": {"uv": [7.5, 6.5, 8, 9.5], "texture": "#1"}
			}
		},
		{
			"from": [11, 7, 6],
			"to": [12, 11, 12],
			"faces": {
				"north": {"uv": [7.5, 9.5, 7.75, 11.5], "texture": "#1"},
				"east": {"uv": [8, 9.5, 9.5, 11.5], "texture": "#1"},
				"south": {"uv": [7.5, 6.5, 8, 9.5], "rotation": 180, "texture": "#1"},
				"west": {"uv": [6, 9.5, 7.5, 11.5], "texture": "#1"},
				"up": {"uv": [7.5, 6.5, 8, 9.5], "texture": "#1"},
				"down": {"uv": [7.5, 6.5, 8, 9.5], "texture": "#1"}
			}
		},
		{
			"from": [9, 0, 9],
			"to": [10, 5, 9],
			"faces": {
				"north": {"uv": [9, 1.5, 9.25, 4], "texture": "#1"},
				"east": {"uv": [0, 0, 0, 4], "texture": "#1"},
				"south": {"uv": [9, 1.5, 9.25, 4], "texture": "#1"},
				"west": {"uv": [0, 0, 0, 4], "texture": "#1"},
				"up": {"uv": [0, 0, 4, 0], "texture": "#1"},
				"down": {"uv": [0, 0, 4, 0], "texture": "#1"}
			}
		},
		{
			"from": [6, 0, 9],
			"to": [7, 5, 9],
			"faces": {
				"north": {"uv": [9, 1.5, 9.25, 4], "texture": "#1"},
				"east": {"uv": [0, 0, 0, 4], "texture": "#1"},
				"south": {"uv": [9, 1.5, 9.25, 4], "texture": "#1"},
				"west": {"uv": [0, 0, 0, 4], "texture": "#1"},
				"up": {"uv": [0, 0, 4, 0], "texture": "#1"},
				"down": {"uv": [0, 0, 4, 0], "texture": "#1"}
			}
		},
		{
			"from": [5, 0, 6],
			"to": [8, 0, 9],
			"faces": {
				"north": {"uv": [0, 0, 3, 0], "texture": "#1"},
				"east": {"uv": [0, 0, 2, 0], "texture": "#1"},
				"south": {"uv": [0, 0, 3, 0], "texture": "#1"},
				"west": {"uv": [0, 0, 2, 0], "texture": "#1"},
				"up": {"uv": [8, 0, 8.75, 1], "texture": "#1"},
				"down": {"uv": [8, 0, 8.75, 1], "rotation": 180, "texture": "#1"}
			}
		},
		{
			"from": [8, 0, 6],
			"to": [11, 0, 9],
			"faces": {
				"north": {"uv": [0, 0, 3, 0], "texture": "#1"},
				"east": {"uv": [0, 0, 2, 0], "texture": "#1"},
				"south": {"uv": [0, 0, 3, 0], "texture": "#1"},
				"west": {"uv": [0, 0, 2, 0], "texture": "#1"},
				"up": {"uv": [8, 0, 8.75, 1], "texture": "#1"},
				"down": {"uv": [8, 0, 8.75, 1], "rotation": 180, "texture": "#1"}
			}
		}
	],
	"display": {
		"thirdperson_righthand": {
			"rotation": [77, 0, 0],
			"translation": [0, -0.5, -1]
		},
		"thirdperson_lefthand": {
			"rotation": [77, 0, 0],
			"translation": [0, -0.5, -1]
		},
		"firstperson_righthand": {
			"rotation": [0, 28, 0],
			"translation": [0, 1.75, 3]
		},
		"firstperson_lefthand": {
			"rotation": [0, 28, 0],
			"translation": [0, 1.75, 3]
		},
		"ground": {
			"rotation": [0, 0, 90],
			"translation": [-3.25, -1.5, 0]
		},
		"gui": {
			"rotation": [30, -130, 0],
			"translation": [-0.25, 1.25, 0],
			"scale": [0.7, 0.7, 0.7]
		},
		"head": {
			"translation": [0, 6, -1],
			"scale": [1.62, 1.62, 1.62]
		},
		"fixed": {
			"rotation": [-66, 0, 2],
			"translation": [0, 1, -8.75],
			"scale": [2, 2, 2]
		}
	},
	"groups": [
		{
			"name": "chicken",
			"origin": [8, 8, 8],
			"children": [
				{
					"name": "head",
					"origin": [8, 8, 8],
					"children": [0, 1, 2]
				}, 3, 4, 5, 6, 7, 8, 9]
		}
	]
}