{
  "variants": {
    "axis=x": [
      {
        "model": "minecraft:block/birch_log",
        "x": 90,
        "y": 90, 
        "weight": 3
      },
      {
        "model": "minecraft:block/birch_log1",
        "x": 90,
        "y": 90, 
        "weight": 2
      },
      {
        "model": "minecraft:block/birch_log2",
        "x": 90,
        "y": 90, 
        "weight": 1
      },
      {
        "model": "minecraft:block/birch_log3",
        "x": 90,
        "y": 90, 
        "weight": 1
      },
      {
        "model": "minecraft:block/birch_log4",
        "x": 90,
        "y": 90, 
        "weight": 1
      }
    ],
    "axis=y": [
      {
        "model": "minecraft:block/birch_log", 
        "weight": 3
      },
      {
        "model": "minecraft:block/birch_log1", 
        "weight": 2
      },
      {
        "model": "minecraft:block/birch_log2", 
        "weight": 1
      },
      {
        "model": "minecraft:block/birch_log3", 
        "weight": 1
      },
      {
        "model": "minecraft:block/birch_log4", 
        "weight": 1
      }
    ],
    "axis=z": [ 
      {
        "model": "minecraft:block/birch_log",
        "x": 90, 
        "weight": 3
      },
      {
        "model": "minecraft:block/birch_log1",
        "x": 90, 
        "weight": 2
      },
      {
        "model": "minecraft:block/birch_log2",
        "x": 90, 
        "weight": 1
      },
      {
        "model": "minecraft:block/birch_log3",
        "x": 90, 
        "weight": 1
      },
      {
        "model": "minecraft:block/birch_log4",
        "x": 90, 
        "weight": 1
      }
    ]
  }
}
