{
	"credit": "Made with Blockbench",
	"texture_size": [32, 16],
	"textures": {
		"1": "entity/skeleton/stray_overlay",
		"2": "entity/skeleton/stray"
	},
	"elements": [
		{
			"from": [6, -1, 1],
			"to": [10, 3, 13],
			"rotation": {"angle": 0, "axis": "z", "origin": [8, 1, 8]},
			"faces": {
				"north": {"uv": [12, 8, 13, 10], "rotation": 90, "texture": "#1"},
				"east": {"uv": [13, 10, 14, 16], "rotation": 270, "texture": "#1"},
				"south": {"uv": [11, 8, 12, 10], "rotation": 270, "texture": "#1"},
				"west": {"uv": [10, 10, 11, 16], "rotation": 90, "texture": "#1"},
				"up": {"uv": [11, 10, 12, 16], "rotation": 180, "texture": "#1"},
				"down": {"uv": [12, 10, 13, 16], "texture": "#1"}
			}
		},
		{
			"from": [7, 0, 0],
			"to": [9, 2, 12],
			"faces": {
				"north": {"uv": [10.5, 8, 11, 9], "texture": "#2"},
				"east": {"uv": [10.5, 9, 11, 15], "rotation": 90, "texture": "#2"},
				"south": {"uv": [11, 8, 11.5, 9], "texture": "#2"},
				"west": {"uv": [10, 9, 10.5, 15], "rotation": 270, "texture": "#2"},
				"up": {"uv": [11, 9, 11.5, 15], "texture": "#2"},
				"down": {"uv": [11.5, 9, 12, 15], "rotation": 180, "texture": "#2"}
			}
		}
	],
	"display": {
		"thirdperson_righthand": {
			"rotation": [83, 0, 0],
			"translation": [0, 0.75, 6.25]
		},
		"thirdperson_lefthand": {
			"rotation": [83, 0, 0],
			"translation": [0, 0.75, 6.25]
		},
		"firstperson_righthand": {
			"rotation": [0, 12, 0],
			"translation": [0, 9.25, 2.5]
		},
		"firstperson_lefthand": {
			"rotation": [0, 12, 0],
			"translation": [0, 9.25, 2.5]
		},
		"ground": {
			"translation": [0, 4.25, 2.5]
		},
		"gui": {
			"rotation": [30, 130, 0],
			"translation": [1.25, 6.5, 0]
		},
		"head": {
			"translation": [0, 5.5, 3.5],
			"scale": [1.62, 1.62, 1.62]
		},
		"fixed": {
			"rotation": [-90, 0, 0],
			"translation": [0, 3, -8.75]
		}
	}
}