{
	"credit": "Made with Blockbench",
	"texture_size": [32, 16],
	"textures": {
		"1": "entity/skeleton/stray",
		"2": "entity/skeleton/stray_overlay",
		"particle": "item/bone_meal"
	},
	"elements": [
		{
			"from": [4, 0, 4],
			"to": [12, 8, 12],
			"faces": {
				"north": {"uv": [2, 4, 4, 8], "texture": "#1"},
				"east": {"uv": [0, 4, 2, 8], "texture": "#1"},
				"south": {"uv": [6, 4, 8, 8], "texture": "#1"},
				"west": {"uv": [4, 4, 6, 8], "texture": "#1"},
				"up": {"uv": [2, 0, 4, 4], "rotation": 180, "texture": "#1"},
				"down": {"uv": [4, 0, 6, 4], "texture": "#1"}
			}
		},
		{
			"from": [3.8, -0.2, 3.8],
			"to": [12.2, 8.2, 12.2],
			"faces": {
				"north": {"uv": [2, 4, 4, 8], "texture": "#2"},
				"east": {"uv": [0, 4, 2, 8], "texture": "#2"},
				"south": {"uv": [6, 4, 8, 8], "texture": "#2"},
				"west": {"uv": [4, 4, 6, 8], "texture": "#2"},
				"up": {"uv": [2, 0, 4, 4], "rotation": 180, "texture": "#2"},
				"down": {"uv": [4, 0, 6, 4], "texture": "#2"}
			}
		}
	],
	"display": {
		"thirdperson_righthand": {
			"rotation": [82, 0, 0]
		},
		"thirdperson_lefthand": {
			"rotation": [82, 0, 0]
		},
		"firstperson_righthand": {
			"rotation": [7, 21, 0],
			"translation": [0, 6.5, 3]
		},
		"firstperson_lefthand": {
			"rotation": [7, 21, 0],
			"translation": [0, 6.5, 3]
		},
		"ground": {
			"translation": [0, 4.5, 0]
		},
		"gui": {
			"rotation": [30, 130, 1],
			"translation": [0.25, 3.25, 0]
		},
		"head": {
			"translation": [0, 6.5, 0],
			"scale": [1.62, 1.62, 1.62]
		},
		"fixed": {
			"translation": [0, 4.5, 0]
		}
	}
}