{
	"credit": "Made with Blockbench",
	"texture_size": [32, 16],
	"textures": {
		"1": "entity/skeleton/stray_overlay",
		"2": "entity/skeleton/stray"
	},
	"elements": [
		{
			"from": [6, -3, 8],
			"to": [10, 9, 12],
			"faces": {
				"north": {"uv": [1, 10, 2, 16], "texture": "#1"},
				"east": {"uv": [0, 10, 1, 16], "texture": "#1"},
				"south": {"uv": [3, 10, 4, 16], "texture": "#1"},
				"west": {"uv": [2, 10, 3, 16], "texture": "#1"},
				"up": {"uv": [1, 8, 2, 10], "texture": "#1"},
				"down": {"uv": [2, 8, 3, 10], "texture": "#1"}
			}
		},
		{
			"from": [7, -3, 9],
			"to": [9, 9, 11],
			"faces": {
				"north": {"uv": [1.5, 9, 2, 15], "texture": "#2"},
				"east": {"uv": [0, 9, 0.5, 15], "texture": "#2"},
				"south": {"uv": [0.5, 9, 1, 15], "texture": "#2"},
				"west": {"uv": [1, 9, 1.5, 15], "texture": "#2"},
				"up": {"uv": [1, 8, 1.5, 9], "texture": "#2"},
				"down": {"uv": [0.5, 8, 1, 9], "texture": "#2"}
			}
		}
	],
	"display": {
		"thirdperson_righthand": {
			"translation": [0, 4.75, -2.75]
		},
		"thirdperson_lefthand": {
			"translation": [0, 4.75, -2.75]
		},
		"firstperson_righthand": {
			"rotation": [0, 21, 0],
			"translation": [0.25, 10.5, 0.5]
		},
		"firstperson_lefthand": {
			"rotation": [0, 21, 0],
			"translation": [0.25, 10.5, 0.5]
		},
		"ground": {
			"rotation": [90, 0, 0],
			"translation": [0, -0.75, 4.75]
		},
		"gui": {
			"rotation": [30, 130, 0],
			"translation": [-2, 3.75, 0]
		},
		"head": {
			"translation": [0, 4.25, -3.25],
			"scale": [1.62, 1.62, 1.62]
		},
		"fixed": {
			"translation": [0, 4.75, -3]
		}
	}
}