{
	"credit": "Made with Blockbench",
	"textures": {
		"2": "entity/iron_golem/iron_golem",
		"particle": "block/iron_block"
	},
	"elements": [
		{
			"from": [-1, 4, 4],
			"to": [17, 15, 15],
			"faces": {
				"north": {"uv": [1.375, 6.375, 3.625, 7.875], "texture": "#2"},
				"east": {"uv": [0, 6.375, 1.375, 7.875], "texture": "#2"},
				"south": {"uv": [5, 6.375, 7.375, 7.875], "texture": "#2"},
				"west": {"uv": [3.625, 6.375, 5, 7.875], "texture": "#2"},
				"up": {"uv": [1.375, 5, 3.625, 6.375], "rotation": 180, "texture": "#2"},
				"down": {"uv": [3.75, 5, 5.875, 6.375], "texture": "#2"}
			}
		},
		{
			"from": [3, -1, 7],
			"to": [12, 4, 13],
			"faces": {
				"north": {"uv": [0.75, 9.5, 1.875, 10.125], "texture": "#2"},
				"east": {"uv": [0, 9.5, 0.75, 10.125], "texture": "#2"},
				"south": {"uv": [1.875, 9.5, 3, 10.125], "texture": "#2"},
				"west": {"uv": [3, 9.5, 3.75, 10.125], "texture": "#2"},
				"up": {"uv": [0.75, 8.75, 1.875, 9.5], "texture": "#2"},
				"down": {"uv": [1.875, 8.75, 3, 9.5], "texture": "#2"}
			}
		},
		{
			"from": [12, 10.5, 7],
			"to": [25, 14.5, 13],
			"rotation": {"angle": -22.5, "axis": "z", "origin": [19, 2.5, 10]},
			"faces": {
				"north": {"uv": [8.25, 3.375, 8.75, 5.25], "rotation": 90, "texture": "#2"},
				"east": {"uv": [8.25, 2.625, 8.75, 3.5], "rotation": 270, "texture": "#2"},
				"south": {"uv": [9.5, 3.375, 10, 5.25], "rotation": 270, "texture": "#2"},
				"west": {"uv": [8.25, 2.625, 8.75, 3.375], "rotation": 270, "texture": "#2"},
				"up": {"uv": [7.5, 3.375, 8.25, 5.25], "rotation": 270, "texture": "#2"},
				"down": {"uv": [8.75, 3.375, 9.5, 5.25], "rotation": 270, "texture": "#2"}
			}
		},
		{
			"from": [28, -4.5, -4],
			"to": [32, 1.5, 10],
			"rotation": {"angle": 45, "axis": "z", "origin": [19, 2.5, 10]},
			"faces": {
				"north": {"uv": [8.75, 2.625, 9.25, 3.5], "rotation": 180, "texture": "#2"},
				"east": {"uv": [7.5, 5.25, 8.25, 7.125], "rotation": 270, "texture": "#2"},
				"south": {"uv": [8.25, 2.625, 8.75, 3.375], "texture": "#2"},
				"west": {"uv": [8.75, 5.25, 9.5, 7.125], "rotation": 90, "texture": "#2"},
				"up": {"uv": [8.25, 5.25, 8.75, 7.125], "rotation": 180, "texture": "#2"},
				"down": {"uv": [9.5, 5.25, 10, 7.125], "texture": "#2"}
			}
		},
		{
			"from": [-9, 10.5, 7],
			"to": [4, 14.5, 13],
			"rotation": {"angle": 22.5, "axis": "z", "origin": [-3, 2.5, 10]},
			"faces": {
				"north": {"uv": [8.25, 8, 8.75, 9.875], "rotation": 270, "texture": "#2"},
				"east": {"uv": [8.25, 7.25, 8.75, 8], "rotation": 90, "texture": "#2"},
				"south": {"uv": [9.5, 8, 10, 9.875], "rotation": 90, "texture": "#2"},
				"west": {"uv": [8.25, 2.625, 8.75, 3.5], "rotation": 90, "texture": "#2"},
				"up": {"uv": [8.75, 8, 9.5, 9.875], "rotation": 90, "texture": "#2"},
				"down": {"uv": [7.5, 8, 8.25, 9.875], "rotation": 90, "texture": "#2"}
			}
		},
		{
			"from": [-16, -4.5, -4],
			"to": [-12, 1.5, 10],
			"rotation": {"angle": -45, "axis": "z", "origin": [-3, 2.5, 10]},
			"faces": {
				"north": {"uv": [8.75, 7.25, 9.25, 8.125], "rotation": 180, "texture": "#2"},
				"east": {"uv": [7.5, 9.875, 8.25, 11.75], "rotation": 270, "texture": "#2"},
				"south": {"uv": [8.25, 2.625, 8.75, 3.375], "texture": "#2"},
				"west": {"uv": [8.75, 9.875, 9.5, 11.75], "rotation": 90, "texture": "#2"},
				"up": {"uv": [8.25, 9.875, 8.75, 11.75], "rotation": 180, "texture": "#2"},
				"down": {"uv": [9.5, 9.875, 10, 11.75], "texture": "#2"}
			}
		},
		{
			"from": [1, -7, 7.5],
			"to": [6, 0, 12.5],
			"faces": {
				"north": {"uv": [8.125, 0.625, 8.875, 1.625], "texture": "#2"},
				"east": {"uv": [7.5, 0.625, 8.125, 1.625], "texture": "#2"},
				"south": {"uv": [9.625, 0.625, 10.25, 1.625], "texture": "#2"},
				"west": {"uv": [8.875, 0.625, 9.625, 1.625], "texture": "#2"},
				"up": {"uv": [8.125, 0, 8.875, 0.625], "rotation": 180, "texture": "#2"},
				"down": {"uv": [2, 8.875, 2.75, 9.5], "texture": "#2"}
			}
		},
		{
			"from": [1, -14, 7.5],
			"to": [6, -7, 12.5],
			"rotation": {"angle": -45, "axis": "x", "origin": [3, -7, 10]},
			"faces": {
				"north": {"uv": [8.125, 1.625, 8.875, 2.625], "texture": "#2"},
				"east": {"uv": [7.5, 1.625, 8.125, 2.625], "texture": "#2"},
				"south": {"uv": [9.625, 1.625, 10.25, 2.625], "texture": "#2"},
				"west": {"uv": [8.875, 1.625, 9.625, 2.625], "texture": "#2"},
				"up": {"uv": [2, 8.875, 2.75, 9.5], "rotation": 180, "texture": "#2"},
				"down": {"uv": [8.875, 0, 9.625, 0.625], "texture": "#2"}
			}
		},
		{
			"from": [9.5, -9.5, 10],
			"to": [14.5, -4.5, 17],
			"rotation": {"angle": 45, "axis": "x", "origin": [12, -7, 10]},
			"faces": {
				"north": {"uv": [2.25, 8.875, 3, 9.5], "texture": "#2"},
				"east": {"uv": [4.625, 1.625, 5.25, 2.625], "rotation": 90, "texture": "#2"},
				"south": {"uv": [6, 0, 6.75, 0.625], "texture": "#2"},
				"west": {"uv": [6, 1.625, 6.75, 2.625], "rotation": 270, "texture": "#2"},
				"up": {"uv": [6.75, 1.625, 7.375, 2.625], "texture": "#2"},
				"down": {"uv": [5.25, 1.625, 6, 2.625], "rotation": 180, "texture": "#2"}
			}
		},
		{
			"from": [9.5, -7, 7.5],
			"to": [14.5, 0, 12.5],
			"faces": {
				"north": {"uv": [5.25, 0.625, 6, 1.625], "texture": "#2"},
				"east": {"uv": [4.625, 0.625, 5.25, 1.625], "texture": "#2"},
				"south": {"uv": [6.75, 0.625, 7.375, 1.625], "texture": "#2"},
				"west": {"uv": [6, 0.625, 6.75, 1.625], "texture": "#2"},
				"up": {"uv": [5.25, 0, 6, 0.625], "rotation": 180, "texture": "#2"},
				"down": {"uv": [1.875, 8.75, 2.625, 9.375], "texture": "#2"}
			}
		},
		{
			"from": [4, 14, 2],
			"to": [12, 24, 10],
			"rotation": {"angle": 22.5, "axis": "x", "origin": [8, 15, 7]},
			"faces": {
				"north": {"uv": [1, 1, 2, 2.25], "texture": "#2"},
				"east": {"uv": [0, 1, 1, 2.25], "texture": "#2"},
				"south": {"uv": [3, 1, 4, 2.25], "texture": "#2"},
				"west": {"uv": [2, 1, 3, 2.25], "texture": "#2"},
				"up": {"uv": [1, 0, 2, 1], "texture": "#2"},
				"down": {"uv": [2, 0, 3, 1], "texture": "#2"}
			}
		},
		{
			"from": [7, 13, 0],
			"to": [9, 17, 2],
			"rotation": {"angle": 22.5, "axis": "x", "origin": [8, 15, 7]},
			"faces": {
				"north": {"uv": [3.25, 0.25, 3.5, 0.75], "texture": "#2"},
				"east": {"uv": [3, 0.25, 3.25, 0.75], "texture": "#2"},
				"south": {"uv": [3.75, 0.25, 4, 0.75], "texture": "#2"},
				"west": {"uv": [3.5, 0.25, 3.75, 0.75], "texture": "#2"},
				"up": {"uv": [3.25, 0, 3.5, 0.25], "rotation": 180, "texture": "#2"},
				"down": {"uv": [3.5, 0, 3.75, 0.25], "texture": "#2"}
			}
		}
	],
	"display": {
		"thirdperson_righthand": {
			"translation": [0, 10.25, 0]
		},
		"thirdperson_lefthand": {
			"translation": [0, 10.25, 0]
		},
		"firstperson_righthand": {
			"rotation": [0, 96, 0]
		},
		"firstperson_lefthand": {
			"rotation": [0, 96, 0]
		},
		"ground": {
			"rotation": [90, 0, 0],
			"translation": [0, 4.75, 0]
		},
		"gui": {
			"rotation": [30, -130, 0],
			"translation": [0.75, 0, 0],
			"scale": [0.6, 0.6, 0.6]
		},
		"head": {
			"translation": [0, 19, -3.25],
			"scale": [1.7, 1.7, 1.7]
		},
		"fixed": {
			"translation": [0, 0, -6.5]
		}
	},
	"groups": [
		{
			"name": "iron_golem",
			"children": [0, 1,
				{
					"name": "right_arn",
					"children": [2, 3]
				},
				{
					"name": "left_arn",
					"children": [4, 5]
				},
				{
					"name": "left_leg",
					"children": [6, 7]
				},
				{
					"name": "right_leg",
					"children": [8, 9]
				}
			]
		},
		{
			"name": "head",
			"origin": [7.5, 8, 8],
			"children": [10, 11]
		}
	]
}