{
	"credit": "Made with Blockbench",
	"textures": {
		"2": "entity/villager/villager",
		"4": "entity/villager/type/desert",
		"particle": "entity/villager/type/desert"
	},
	"elements": [
		{
			"from": [7, 8, 4.5],
			"to": [9, 12, 6.5],
			"faces": {
				"north": {"uv": [7, 0.5, 7.5, 1.5], "texture": "#2"},
				"east": {"uv": [6, 0.5, 6.5, 1.5], "texture": "#2"},
				"south": {"uv": [7.5, 0.5, 8, 1.5], "texture": "#2"},
				"west": {"uv": [7, 0.5, 7.5, 1.5], "texture": "#2"},
				"up": {"uv": [6.5, 0, 7, 0.5], "texture": "#2"},
				"down": {"uv": [7, 0, 7.5, 0.5], "texture": "#2"}
			}
		},
		{
			"from": [4, 9, 6.5],
			"to": [12, 19, 14.5],
			"faces": {
				"north": {"uv": [2, 2, 4, 4.5], "texture": "#2"},
				"east": {"uv": [0, 2, 2, 4.5], "texture": "#2"},
				"south": {"uv": [6, 2, 8, 4.5], "texture": "#2"},
				"west": {"uv": [4, 2, 6, 4.5], "texture": "#2"},
				"up": {"uv": [2, 0, 4, 2], "texture": "#2"},
				"down": {"uv": [4, 0, 6, 2], "texture": "#2"}
			}
		},
		{
			"from": [4.2, -2.8, 7.7],
			"to": [11.8, 9.8, 13.3],
			"faces": {
				"north": {"uv": [5.5, 6.5, 7.5, 9.5], "texture": "#2"},
				"east": {"uv": [4, 6.5, 5.5, 9.5], "texture": "#2"},
				"south": {"uv": [9, 6.5, 11, 9.5], "texture": "#2"},
				"west": {"uv": [7.5, 6.5, 9, 9.5], "texture": "#2"},
				"up": {"uv": [5.5, 5, 7.5, 6.5], "texture": "#2"},
				"down": {"uv": [7.5, 5, 9.25, 6.5], "texture": "#2"}
			}
		},
		{
			"from": [4.2, -14.8, 8.7],
			"to": [7.8, -3.2, 12.3],
			"faces": {
				"north": {"uv": [3, 6.5, 4, 9.5], "texture": "#2"},
				"east": {"uv": [0, 6.5, 1, 9.5], "texture": "#2"},
				"south": {"uv": [2, 6.5, 3, 9.5], "texture": "#2"},
				"west": {"uv": [1, 6.5, 2, 9.5], "texture": "#2"},
				"up": {"uv": [1, 5.5, 2, 6.5], "texture": "#2"},
				"down": {"uv": [2, 5.5, 3, 6.5], "texture": "#2"}
			}
		},
		{
			"from": [8.2, -14.8, 8.7],
			"to": [11.8, -3.2, 12.3],
			"faces": {
				"north": {"uv": [0, 6.5, 1, 9.5], "texture": "#2"},
				"east": {"uv": [3, 6.5, 4, 9.5], "texture": "#2"},
				"south": {"uv": [1, 6.5, 2, 9.5], "texture": "#2"},
				"west": {"uv": [2, 6.5, 3, 9.5], "texture": "#2"},
				"up": {"uv": [1, 5.5, 2, 6.5], "texture": "#2"},
				"down": {"uv": [2, 5.5, 3, 6.5], "texture": "#2"}
			}
		},
		{
			"from": [0, 0, 6],
			"to": [4, 4, 14],
			"rotation": {"angle": -45, "axis": "x", "origin": [2, 2, 5.5]},
			"faces": {
				"north": {"uv": [13, 5.5, 14, 6.5], "rotation": 180, "texture": "#4"},
				"east": {"uv": [14, 6.5, 13, 8.5], "rotation": 90, "texture": "#4"},
				"south": {"uv": [12, 5.5, 13, 6.5], "texture": "#4"},
				"west": {"uv": [13, 6.5, 12, 8.5], "rotation": 90, "texture": "#4"},
				"up": {"uv": [13, 6.5, 12, 8.5], "rotation": 180, "texture": "#4"},
				"down": {"uv": [12, 6.5, 11, 8.5], "texture": "#4"}
			}
		},
		{
			"from": [12, 0, 6],
			"to": [16, 4, 14],
			"rotation": {"angle": -45, "axis": "x", "origin": [2, 2, 5.5]},
			"faces": {
				"north": {"uv": [13, 5.5, 14, 6.5], "rotation": 180, "texture": "#4"},
				"east": {"uv": [14, 6.5, 15, 8.5], "rotation": 270, "texture": "#4"},
				"south": {"uv": [12, 5.5, 13, 6.5], "texture": "#4"},
				"west": {"uv": [13, 6.5, 14, 8.5], "rotation": 270, "texture": "#4"},
				"up": {"uv": [12, 6.5, 13, 8.5], "rotation": 180, "texture": "#4"},
				"down": {"uv": [11, 6.5, 12, 8.5], "texture": "#4"}
			}
		},
		{
			"from": [3.8, 8.8, 6.3],
			"to": [12.2, 19.2, 14.7],
			"faces": {
				"north": {"uv": [2, 2, 4, 4.5], "texture": "#4"},
				"east": {"uv": [0, 2, 2, 4.5], "texture": "#4"},
				"south": {"uv": [6, 2, 8, 4.5], "texture": "#4"},
				"west": {"uv": [4, 2, 6, 4.5], "texture": "#4"},
				"up": {"uv": [2, 0, 4, 2], "texture": "#4"},
				"down": {"uv": [4, 0, 6, 2], "texture": "#4"}
			}
		},
		{
			"from": [4, -15, 8.5],
			"to": [8, -3, 12.5],
			"faces": {
				"north": {"uv": [1, 6.5, 2, 9.5], "texture": "#4"},
				"east": {"uv": [0, 6.5, 1, 9.5], "texture": "#4"},
				"south": {"uv": [3, 6.5, 4, 9.5], "texture": "#4"},
				"west": {"uv": [2, 6.5, 3, 9.5], "texture": "#4"},
				"up": {"uv": [1, 5.5, 2, 6.5], "texture": "#4"},
				"down": {"uv": [2, 5.5, 3, 6.5], "texture": "#4"}
			}
		},
		{
			"from": [8, -15, 8.5],
			"to": [12, -3, 12.5],
			"faces": {
				"north": {"uv": [1, 6.5, 2, 9.5], "texture": "#4"},
				"east": {"uv": [0, 6.5, 1, 9.5], "texture": "#4"},
				"south": {"uv": [3, 6.5, 4, 9.5], "texture": "#4"},
				"west": {"uv": [2, 6.5, 3, 9.5], "texture": "#4"},
				"up": {"uv": [1, 5.5, 2, 6.5], "texture": "#4"},
				"down": {"uv": [2, 5.5, 3, 6.5], "texture": "#4"}
			}
		},
		{
			"from": [4, 3.15, 4.06],
			"to": [12, 7.15, 8.06],
			"rotation": {"angle": 45, "axis": "x", "origin": [8, 3, 5]},
			"faces": {
				"north": {"uv": [11, 10.5, 13, 11.5], "texture": "#4"},
				"east": {"uv": [13, 10.5, 14, 11.5], "texture": "#4"},
				"south": {"uv": [11, 9.5, 13, 10.5], "texture": "#4"},
				"west": {"uv": [10, 10.5, 11, 11.5], "texture": "#4"},
				"up": {"uv": [14, 10.5, 16, 11.5], "texture": "#4"},
				"down": {"uv": [13, 10.5, 15, 9.5], "rotation": 180, "texture": "#4"}
			}
		},
		{
			"from": [3.8, -11.2, 7.3],
			"to": [12.2, 9.2, 13.7],
			"faces": {
				"north": {"uv": [1.5, 11, 3.5, 15.5], "texture": "#4"},
				"east": {"uv": [0, 11, 1.5, 15.5], "texture": "#4"},
				"south": {"uv": [5, 11, 7, 15.5], "texture": "#4"},
				"west": {"uv": [3.5, 11, 5, 15.5], "texture": "#4"},
				"up": {"uv": [1.5, 9.5, 3.5, 11], "texture": "#4"},
				"down": {"uv": [5, 9.5, 7, 11], "texture": "#4"}
			}
		},
		{
			"from": [4, -3, 7.5],
			"to": [12, 9, 13.5],
			"faces": {
				"north": {"uv": [5.5, 6.5, 7.5, 9.5], "texture": "#4"},
				"east": {"uv": [4, 6.5, 5.5, 9.5], "texture": "#4"},
				"south": {"uv": [9, 6.5, 11, 9.5], "texture": "#4"},
				"west": {"uv": [7.5, 6.5, 9, 9.5], "texture": "#4"},
				"up": {"uv": [5.5, 5, 7.5, 6.5], "texture": "#4"},
				"down": {"uv": [7.5, 5, 9.25, 6.5], "texture": "#4"}
			}
		}
	],
	"display": {
		"thirdperson_righthand": {
			"rotation": [-14, 0, 0],
			"translation": [0, 1.75, -5]
		},
		"thirdperson_lefthand": {
			"rotation": [-14, 0, 0],
			"translation": [0, 1.75, -5]
		},
		"firstperson_righthand": {
			"rotation": [0, 116, 0],
			"translation": [0.5, 1.5, 0.75]
		},
		"firstperson_lefthand": {
			"rotation": [0, 116, 0],
			"translation": [0.5, 1.5, 0.75]
		},
		"ground": {
			"rotation": [90, 0, 0],
			"translation": [0, 0.75, 5.75]
		},
		"gui": {
			"rotation": [30, 130, 0],
			"translation": [-0.5, 1.75, 0],
			"scale": [0.5, 0.5, 0.5]
		},
		"head": {
			"translation": [0, 29.75, -3.25],
			"scale": [1.62, 1.62, 1.62]
		},
		"fixed": {
			"translation": [0, 3.5, -3.75],
			"scale": [0.6, 0.6, 0.6]
		}
	},
	"groups": [0, 1, 2, 3, 4,
		{
			"name": "group",
			"origin": [2, 2, 5.5],
			"children": [5, 6, 7, 8, 9, 10, 11, 12]
		}
	]
}