{
	"credit": "Made with Blockbench",
	"textures": {
		"0": "acbag:entity/shrigma_zombie/head",
		"1": "acbag:entity/shrigma_zombie/face",
		"particle": "acbag:entity/shrigma_zombie/head"
	},
	"elements": [
		{
			"from": [3.5, 3.5, 3.5],
			"to": [12.5, 12.5, 12.5],
			"shade": false,
			"rotation": {"angle": 0, "axis": "y", "origin": [8, 8, 8]},
			"faces": {
				"north": {"uv": [0, 0, 8, 8], "texture": "#1", "tintindex": 0},
				"east": {"uv": [0, 8, 8, 16], "texture": "#1", "tintindex": 0},
				"south": {"uv": [8, 0, 16, 8], "texture": "#1", "tintindex": 0},
				"west": {"uv": [8, 8, 16, 16], "texture": "#1", "tintindex": 0},
				"up": {"uv": [14.22222, 12.44444, 16.22222, 16.44444], "texture": "#1", "tintindex": 0},
				"down": {"uv": [14.22222, 12.44444, 16.22222, 16.44444], "texture": "#1", "tintindex": 0}
			}
		},
		{
			"from": [0, 12, 0],
			"to": [16, 13, 16],
			"faces": {
				"north": {"uv": [0, 0, 16, 1], "texture": "#0"},
				"east": {"uv": [0, 0, 16, 1], "texture": "#0"},
				"south": {"uv": [0, 14, 16, 13], "texture": "#0"},
				"west": {"uv": [0, 6, 16, 7], "texture": "#0"},
				"up": {"uv": [0, 0, 16, 16], "texture": "#0"},
				"down": {"uv": [0, 0, 16, 16], "texture": "#0"}
			}
		},
		{
			"from": [3, 11, 3],
			"to": [13, 12, 13],
			"faces": {
				"north": {"uv": [7, 8, 16, 7], "texture": "#0"},
				"east": {"uv": [0.5, 8.5, 9.5, 9.5], "texture": "#0"},
				"south": {"uv": [1.5, 7, 10.5, 6], "texture": "#0"},
				"west": {"uv": [6.5, 12, 15.5, 11], "texture": "#0"},
				"up": {"uv": [0, 0, 16, 16], "texture": "#0"},
				"down": {"uv": [0, 0, 8.5, 8.5], "texture": "#0"}
			}
		},
		{
			"from": [4, 13, 1],
			"to": [12, 14, 2],
			"faces": {
				"north": {"uv": [3, 13.5, 11, 14.5], "texture": "#0"},
				"east": {"uv": [0, 0, 1, 1], "texture": "#0"},
				"south": {"uv": [0, 0, 8, 1], "texture": "#0"},
				"west": {"uv": [0, 0, 1, 1], "texture": "#0"},
				"up": {"uv": [4.5, 3, 12.5, 2], "texture": "#0"},
				"down": {"uv": [0, 0, 8, 1], "texture": "#0"}
			}
		},
		{
			"from": [3, 12, -1],
			"to": [13, 13, 0],
			"faces": {
				"north": {"uv": [1.5, 3.5, 11.5, 4.5], "texture": "#0"},
				"east": {"uv": [0, 0, 1, 1], "texture": "#0"},
				"south": {"uv": [0, 0, 10, 1], "texture": "#0"},
				"west": {"uv": [0, 0, 1, 1], "texture": "#0"},
				"up": {"uv": [3, 1.5, 13, 0.5], "texture": "#0"},
				"down": {"uv": [0, 0, 10, 1], "texture": "#0"}
			}
		},
		{
			"from": [3, 12, 16],
			"to": [13, 13, 17],
			"faces": {
				"north": {"uv": [0, 0, 10, 1], "texture": "#0"},
				"east": {"uv": [0, 0, 1, 1], "texture": "#0"},
				"south": {"uv": [4.5, 5, 14.5, 6], "texture": "#0"},
				"west": {"uv": [0, 0, 1, 1], "texture": "#0"},
				"up": {"uv": [0, 12.5, 10, 13.5], "texture": "#0"},
				"down": {"uv": [0, 0, 10, 1], "texture": "#0"}
			}
		},
		{
			"from": [16, 12, 3],
			"to": [17, 13, 13],
			"faces": {
				"north": {"uv": [0, 0, 1, 1], "texture": "#0"},
				"east": {"uv": [1.5, 10, 11.5, 11], "texture": "#0"},
				"south": {"uv": [0, 0, 1, 1], "texture": "#0"},
				"west": {"uv": [0, 0, 10, 1], "texture": "#0"},
				"up": {"uv": [1, 2, 11, 3], "rotation": 270, "texture": "#0"},
				"down": {"uv": [0, 0, 10, 1], "rotation": 90, "texture": "#0"}
			}
		},
		{
			"from": [-1, 12, 3],
			"to": [0, 13, 13],
			"faces": {
				"north": {"uv": [0, 0, 1, 1], "texture": "#0"},
				"east": {"uv": [0, 0, 10, 1], "texture": "#0"},
				"south": {"uv": [0, 0, 1, 1], "texture": "#0"},
				"west": {"uv": [1, 2, 11, 3], "texture": "#0"},
				"up": {"uv": [4.5, 2.5, 14.5, 3.5], "rotation": 270, "texture": "#0"},
				"down": {"uv": [0, 0, 10, 1], "rotation": 90, "texture": "#0"}
			}
		},
		{
			"from": [4, 13, 14],
			"to": [12, 14, 15],
			"faces": {
				"north": {"uv": [0, 0, 8, 1], "texture": "#0"},
				"east": {"uv": [0, 0, 1, 1], "texture": "#0"},
				"south": {"uv": [0, 5.5, 8, 6.5], "texture": "#0"},
				"west": {"uv": [0, 0, 1, 1], "texture": "#0"},
				"up": {"uv": [4.5, 10.5, 12.5, 11.5], "texture": "#0"},
				"down": {"uv": [0, 0, 8, 1], "texture": "#0"}
			}
		},
		{
			"from": [1, 13, 4],
			"to": [2, 14, 12],
			"faces": {
				"north": {"uv": [0, 0, 1, 1], "texture": "#0"},
				"east": {"uv": [0, 0, 8, 1], "texture": "#0"},
				"south": {"uv": [0, 0, 1, 1], "texture": "#0"},
				"west": {"uv": [0, 0, 8, 1], "texture": "#0"},
				"up": {"uv": [0, 0, 8, 1], "rotation": 270, "texture": "#0"},
				"down": {"uv": [0, 0, 8, 1], "rotation": 90, "texture": "#0"}
			}
		},
		{
			"from": [14, 13, 4],
			"to": [15, 14, 12],
			"faces": {
				"north": {"uv": [0, 0, 1, 1], "texture": "#0"},
				"east": {"uv": [0, 4, 8, 5], "texture": "#0"},
				"south": {"uv": [0, 0, 1, 1], "texture": "#0"},
				"west": {"uv": [0, 0, 8, 1], "texture": "#0"},
				"up": {"uv": [4, 4, 12, 5], "rotation": 270, "texture": "#0"},
				"down": {"uv": [0, 0, 8, 1], "rotation": 90, "texture": "#0"}
			}
		},
		{
			"from": [2, 13, 2],
			"to": [14, 15, 14],
			"faces": {
				"north": {"uv": [1, 8.5, 13, 10.5], "texture": "#0"},
				"east": {"uv": [1.5, 4.5, 13.5, 6.5], "texture": "#0"},
				"south": {"uv": [3, 5, 15, 7], "texture": "#0"},
				"west": {"uv": [4, 5, 16, 7], "texture": "#0"},
				"up": {"uv": [2.5, 0.5, 14.5, 12.5], "texture": "#0"},
				"down": {"uv": [0, 0, 12, 12], "texture": "#0"}
			}
		},
		{
			"from": [4, 15, 4],
			"to": [12, 16, 12],
			"faces": {
				"north": {"uv": [1, 2.5, 9, 3.5], "texture": "#0"},
				"east": {"uv": [7.5, 10, 15.5, 11], "texture": "#0"},
				"south": {"uv": [4, 11.5, 12, 12.5], "texture": "#0"},
				"west": {"uv": [6.5, 12.5, 14.5, 13.5], "texture": "#0"},
				"up": {"uv": [0, 0, 8, 8], "texture": "#0"},
				"down": {"uv": [0, 0, 8, 8], "texture": "#0"}
			}
		},
		{
			"from": [0, 11, 0],
			"to": [15, 12, 1],
			"faces": {
				"north": {"uv": [0, 0, 15, 1], "texture": "#0"},
				"east": {"uv": [0, 0, 1, 1], "texture": "#0"},
				"south": {"uv": [0.5, 2, 15.5, 3], "texture": "#0"},
				"west": {"uv": [0, 0, 1, 1], "texture": "#0"},
				"up": {"uv": [0, 0, 15, 1], "texture": "#0"},
				"down": {"uv": [0, 0, 15, 1], "texture": "#0"}
			}
		},
		{
			"from": [1, 11, 15],
			"to": [16, 12, 16],
			"faces": {
				"north": {"uv": [0, 0, 15, 1], "texture": "#0"},
				"east": {"uv": [0, 0, 1, 1], "texture": "#0"},
				"south": {"uv": [0, 0, 15, 1], "texture": "#0"},
				"west": {"uv": [0, 0, 1, 1], "texture": "#0"},
				"up": {"uv": [0, 0, 15, 1], "texture": "#0"},
				"down": {"uv": [0, 2, 15, 3], "texture": "#0"}
			}
		},
		{
			"from": [0, 11, 1],
			"to": [1, 12, 16],
			"faces": {
				"north": {"uv": [0, 0, 1, 1], "texture": "#0"},
				"east": {"uv": [0, 0, 15, 1], "texture": "#0"},
				"south": {"uv": [0, 0, 1, 1], "texture": "#0"},
				"west": {"uv": [0, 0, 15, 1], "texture": "#0"},
				"up": {"uv": [0, 0, 15, 1], "rotation": 90, "texture": "#0"},
				"down": {"uv": [0, 0, 15, 1], "rotation": 270, "texture": "#0"}
			}
		},
		{
			"from": [15, 11, 0],
			"to": [16, 12, 15],
			"faces": {
				"north": {"uv": [0, 0, 1, 1], "texture": "#0"},
				"east": {"uv": [0, 0, 15, 1], "texture": "#0"},
				"south": {"uv": [0, 0, 1, 1], "texture": "#0"},
				"west": {"uv": [0, 0, 15, 1], "texture": "#0"},
				"up": {"uv": [0, 0, 15, 1], "rotation": 90, "texture": "#0"},
				"down": {"uv": [0, 0, 15, 1], "rotation": 270, "texture": "#0"}
			}
		},
		{
			"from": [2, 11, 16],
			"to": [14, 12, 18],
			"faces": {
				"north": {"uv": [0, 0, 12, 1], "texture": "#0"},
				"east": {"uv": [0, 0, 2, 1], "texture": "#0"},
				"south": {"uv": [1, 9.5, 13, 10.5], "texture": "#0"},
				"west": {"uv": [0, 0, 2, 1], "texture": "#0"},
				"up": {"uv": [0, 0, 12, 2], "texture": "#0"},
				"down": {"uv": [1, 1.5, 13, 3.5], "texture": "#0"}
			}
		},
		{
			"from": [2, 11, -2],
			"to": [14, 12, 0],
			"faces": {
				"north": {"uv": [3, 2, 15, 3], "texture": "#0"},
				"east": {"uv": [0, 0, 2, 1], "texture": "#0"},
				"south": {"uv": [0, 0, 12, 1], "texture": "#0"},
				"west": {"uv": [0, 0, 2, 1], "texture": "#0"},
				"up": {"uv": [0, 0, 12, 2], "texture": "#0"},
				"down": {"uv": [1, 2, 13, 4], "texture": "#0"}
			}
		},
		{
			"from": [3, 10, -2],
			"to": [13, 11, -1],
			"faces": {
				"north": {"uv": [0, 6, 10, 7], "texture": "#0"},
				"east": {"uv": [0, 0, 1, 1], "texture": "#0"},
				"south": {"uv": [0, 0, 10, 1], "texture": "#0"},
				"west": {"uv": [0, 0, 1, 1], "texture": "#0"},
				"up": {"uv": [0, 0, 10, 1], "texture": "#0"},
				"down": {"uv": [0, 2, 10, 3], "texture": "#0"}
			}
		},
		{
			"from": [3, 10, 17],
			"to": [13, 11, 18],
			"faces": {
				"north": {"uv": [0, 0, 10, 1], "texture": "#0"},
				"east": {"uv": [0, 0, 1, 1], "texture": "#0"},
				"south": {"uv": [2, 10.5, 12, 11.5], "texture": "#0"},
				"west": {"uv": [0, 0, 1, 1], "texture": "#0"},
				"up": {"uv": [0, 0, 10, 1], "texture": "#0"},
				"down": {"uv": [1, 2, 11, 3], "texture": "#0"}
			}
		},
		{
			"from": [17, 10, 3],
			"to": [18, 11, 13],
			"faces": {
				"north": {"uv": [0, 0, 1, 1], "texture": "#0"},
				"east": {"uv": [5, 5, 15, 6], "texture": "#0"},
				"south": {"uv": [0, 0, 1, 1], "texture": "#0"},
				"west": {"uv": [0.5, 1.5, 10.5, 2.5], "texture": "#0"},
				"up": {"uv": [0, 0, 10, 1], "rotation": 270, "texture": "#0"},
				"down": {"uv": [0.5, 1.5, 10.5, 2.5], "rotation": 90, "texture": "#0"}
			}
		},
		{
			"from": [-2, 10, 3],
			"to": [-1, 11, 13],
			"faces": {
				"north": {"uv": [0, 0, 1, 1], "texture": "#0"},
				"east": {"uv": [0, 0, 10, 1], "texture": "#0"},
				"south": {"uv": [0, 0, 1, 1], "texture": "#0"},
				"west": {"uv": [6, 4, 16, 5], "texture": "#0"},
				"up": {"uv": [0, 0, 10, 1], "rotation": 270, "texture": "#0"},
				"down": {"uv": [1, 3, 11, 4], "rotation": 90, "texture": "#0"}
			}
		},
		{
			"from": [-2, 11, 2],
			"to": [0, 12, 14],
			"faces": {
				"north": {"uv": [0, 0, 2, 1], "texture": "#0"},
				"east": {"uv": [0, 0, 12, 1], "texture": "#0"},
				"south": {"uv": [0, 0, 2, 1], "texture": "#0"},
				"west": {"uv": [3.5, 9.5, 15.5, 10.5], "texture": "#0"},
				"up": {"uv": [0, 0, 12, 2], "rotation": 270, "texture": "#0"},
				"down": {"uv": [0.5, 2, 12.5, 4], "rotation": 90, "texture": "#0"}
			}
		},
		{
			"from": [16, 11, 2],
			"to": [18, 12, 14],
			"faces": {
				"north": {"uv": [0, 0, 2, 1], "texture": "#0"},
				"east": {"uv": [0, 2, 12, 3], "texture": "#0"},
				"south": {"uv": [0, 0, 2, 1], "texture": "#0"},
				"west": {"uv": [0, 0, 12, 1], "texture": "#0"},
				"up": {"uv": [0.5, 1.5, 12.5, 3.5], "rotation": 270, "texture": "#0"},
				"down": {"uv": [0.5, 3.5, 12.5, 5.5], "rotation": 90, "texture": "#0"}
			}
		}
	],
	"display": {
		"head": {
			"translation": [0, -1.75, 0],
			"scale": [1.6, 1.6, 1.6]
		}
	},
	"groups": [
		{
			"name": "head",
			"origin": [8, 8, 8],
			"color": 0,
			"children": [0, 1, 2, 3, 4, 5, 6, 7, 8, 9, 10, 11, 12, 13, 14, 15, 16, 17, 18, 19, 20, 21, 22, 23, 24]
		}
	]
}