{
	"credit": "Made with Blockbench",
	"textures": {
		"2": "entity/zombie_villager/zombie_villager",
		"3": "entity/zombie_villager/type/desert",
		"particle": "item/rotten_flesh"
	},
	"elements": [
		{
			"from": [6, 0, 0],
			"to": [10, 4, 12],
			"faces": {
				"north": {"uv": [13, 5.5, 14, 6.5], "texture": "#2"},
				"east": {"uv": [13, 6.5, 14, 9.5], "rotation": 270, "texture": "#2"},
				"south": {"uv": [12, 5.5, 13, 6.5], "texture": "#2"},
				"west": {"uv": [14, 6.5, 15, 9.5], "rotation": 90, "texture": "#2"},
				"up": {"uv": [12, 6.5, 13, 9.5], "rotation": 180, "texture": "#2"},
				"down": {"uv": [11, 6.5, 12, 9.5], "texture": "#2"}
			}
		},
		{
			"from": [5.8, -0.2, -0.2],
			"to": [10.2, 4.2, 12.2],
			"faces": {
				"north": {"uv": [13, 5.5, 14, 6.5], "texture": "#3"},
				"east": {"uv": [13, 6.5, 14, 9.5], "rotation": 270, "texture": "#3"},
				"south": {"uv": [12, 5.5, 13, 6.5], "rotation": 90, "texture": "#3"},
				"west": {"uv": [14, 6.5, 15, 9.5], "rotation": 90, "texture": "#3"},
				"up": {"uv": [12, 6.5, 13, 9.5], "rotation": 180, "texture": "#3"},
				"down": {"uv": [11, 6.5, 12, 9.5], "texture": "#3"}
			}
		}
	],
	"display": {
		"thirdperson_righthand": {
			"rotation": [82, 0, 0],
			"translation": [0, 0, 4]
		},
		"thirdperson_lefthand": {
			"rotation": [82, 0, 0],
			"translation": [0, 0, 4]
		},
		"firstperson_righthand": {
			"rotation": [0, 12, 0],
			"translation": [0, 8.75, 4.25]
		},
		"firstperson_lefthand": {
			"rotation": [0, 12, 0],
			"translation": [0, 8.75, 4.25]
		},
		"ground": {
			"translation": [0, 4, 0]
		},
		"gui": {
			"rotation": [30, 130, 0],
			"translation": [1.25, 5.5, 0]
		},
		"head": {
			"translation": [0, 5.5, 3.5],
			"scale": [1.62, 1.62, 1.62]
		}
	}
}