{
	"credit": "Made with Blockbench",
	"textures": {
		"2": "entity/zombie_villager/zombie_villager",
		"3": "entity/zombie_villager/type/plains",
		"particle": "item/rotten_flesh"
	},
	"elements": [
		{
			"from": [4, -3, 7],
			"to": [12, 9, 13],
			"faces": {
				"north": {"uv": [5.5, 6.5, 7.5, 9.5], "texture": "#2"},
				"east": {"uv": [4, 6.5, 5.5, 9.5], "texture": "#2"},
				"south": {"uv": [7.5, 6.5, 9.5, 9.5], "texture": "#2"},
				"west": {"uv": [9.5, 6.5, 11, 9.5], "texture": "#2"},
				"up": {"uv": [5.5, 5, 7.5, 6.5], "texture": "#2"},
				"down": {"uv": [8, 5, 10, 6.5], "texture": "#2"}
			}
		},
		{
			"from": [3.8, -3.2, 6.8],
			"to": [12.2, 9.2, 13.2],
			"faces": {
				"north": {"uv": [5.5, 6.5, 7.5, 9.5], "texture": "#3"},
				"east": {"uv": [4, 6.5, 5.5, 9.5], "texture": "#3"},
				"south": {"uv": [9, 6.5, 11, 9.5], "texture": "#3"},
				"west": {"uv": [7.5, 6.5, 9, 9.5], "texture": "#3"},
				"up": {"uv": [5.5, 5, 7.5, 6.5], "texture": "#3"},
				"down": {"uv": [8, 5, 10, 6.5], "texture": "#3"}
			}
		}
	],
	"display": {
		"thirdperson_righthand": {
			"rotation": [-7, 0, 0],
			"translation": [0, 6.25, -5]
		},
		"thirdperson_lefthand": {
			"translation": [0, 6, -4]
		},
		"firstperson_righthand": {
			"rotation": [0, 18, 0],
			"translation": [0, 6, 0]
		},
		"firstperson_lefthand": {
			"rotation": [0, 18, 0],
			"translation": [0, 6, 0]
		},
		"ground": {
			"rotation": [90, 0, 0],
			"translation": [0, -0.75, 5.5]
		},
		"gui": {
			"rotation": [30, 130, 0],
			"translation": [-1.25, 3.75, 0]
		},
		"head": {
			"translation": [0, 4.75, -3.25],
			"scale": [1.62, 1.62, 1.62]
		},
		"fixed": {
			"translation": [0, 4, -2.5]
		}
	}
}