{
	"credit": "Made with Blockbench",
	"textures": {
		"2": "entity/zombie_villager/zombie_villager",
		"3": "entity/zombie_villager/type/plains",
		"particle": "item/rotten_flesh"
	},
	"elements": [
		{
			"from": [6, -3, 8],
			"to": [10, 9, 12],
			"faces": {
				"north": {"uv": [1, 6.5, 2, 9.5], "texture": "#2"},
				"east": {"uv": [0, 6.5, 1, 9.5], "texture": "#2"},
				"south": {"uv": [3, 6.5, 4, 9.5], "texture": "#2"},
				"west": {"uv": [2, 6.5, 3, 9.5], "texture": "#2"},
				"up": {"uv": [1, 5.5, 2, 6.5], "texture": "#2"},
				"down": {"uv": [2, 5.5, 3, 6.5], "texture": "#2"}
			}
		},
		{
			"from": [5.9, -3.1, 7.9],
			"to": [10.1, 9.1, 12.1],
			"faces": {
				"north": {"uv": [1, 6.5, 2, 9.5], "texture": "#3"},
				"east": {"uv": [0, 6.5, 1, 9.5], "texture": "#3"},
				"south": {"uv": [3, 6.5, 4, 9.5], "texture": "#3"},
				"west": {"uv": [2, 6.5, 3, 9.5], "texture": "#3"},
				"up": {"uv": [1, 5.5, 2, 6.5], "texture": "#3"},
				"down": {"uv": [2, 5.5, 3, 6.5], "texture": "#3"}
			}
		}
	],
	"display": {
		"thirdperson_righthand": {
			"translation": [0, 6.25, -3.75]
		},
		"thirdperson_lefthand": {
			"translation": [0, 6.25, -3.75]
		},
		"firstperson_righthand": {
			"rotation": [0, 18, 0],
			"translation": [0, 6.5, 0]
		},
		"firstperson_lefthand": {
			"rotation": [0, 18, 0],
			"translation": [0, 6.5, 0]
		},
		"ground": {
			"rotation": [-90, 0, 0],
			"translation": [0, -4, -4.75]
		},
		"gui": {
			"rotation": [30, 130, 0],
			"translation": [-2, 4, 0]
		},
		"head": {
			"translation": [0, 4.25, -3.25],
			"scale": [1.62, 1.62, 1.62]
		},
		"fixed": {
			"translation": [0, 4.5, -5.25]
		}
	}
}