{
	"credit": "Made with Blockbench",
	"textures": {
		"3": "entity/zombie_villager/zombie_villager",
		"4": "entity/zombie_villager/type/taiga",
		"particle": "item/rotten_flesh"
	},
	"elements": [
		{
			"from": [4, 0, 4],
			"to": [12, 10, 12],
			"faces": {
				"north": {"uv": [2, 2, 4, 4.5], "texture": "#3"},
				"east": {"uv": [0, 2, 2, 4.5], "texture": "#3"},
				"south": {"uv": [6, 2, 8, 4.5], "texture": "#3"},
				"west": {"uv": [4, 2, 6, 4.5], "texture": "#3"},
				"up": {"uv": [2, 0, 4, 2], "rotation": 180, "texture": "#3"},
				"down": {"uv": [4, 0, 6, 2], "texture": "#3"}
			}
		},
		{
			"from": [3.8, -0.2, 3.8],
			"to": [12.2, 10.2, 12.2],
			"faces": {
				"north": {"uv": [10, 2, 12, 4.5], "texture": "#4"},
				"east": {"uv": [8, 2, 10, 4.5], "texture": "#4"},
				"south": {"uv": [14, 2, 16, 4.5], "texture": "#4"},
				"west": {"uv": [12.25, 2, 14.25, 4.5], "texture": "#4"},
				"up": {"uv": [10, 0, 12, 2], "rotation": 180, "texture": "#4"},
				"down": {"uv": [12, 0, 14, 2], "texture": "#4"}
			}
		},
		{
			"from": [7, -1, 2],
			"to": [9, 3, 4],
			"faces": {
				"north": {"uv": [6.5, 0.5, 7, 1.5], "texture": "#3"},
				"east": {"uv": [6, 0.5, 6.5, 1.5], "texture": "#3"},
				"south": {"uv": [7.5, 0.5, 8, 1.5], "texture": "#3"},
				"west": {"uv": [7, 0.5, 7.5, 1.5], "texture": "#3"},
				"up": {"uv": [6.5, 0, 7, 0.5], "texture": "#3"},
				"down": {"uv": [7, 0, 7.5, 0.5], "texture": "#3"}
			}
		}
	],
	"display": {
		"thirdperson_righthand": {
			"rotation": [82, 0, 0],
			"translation": [0, 0, -2]
		},
		"thirdperson_lefthand": {
			"rotation": [82, 0, 0],
			"translation": [0, 0, -2]
		},
		"firstperson_righthand": {
			"rotation": [7, 100, 0],
			"translation": [0, 6.5, 0]
		},
		"firstperson_lefthand": {
			"rotation": [7, 100, 0],
			"translation": [0, 6.5, 0]
		},
		"ground": {
			"translation": [0, 4.5, 0]
		},
		"gui": {
			"rotation": [30, 130, 1],
			"translation": [0, 2.75, 0]
		},
		"head": {
			"translation": [0, 6.5, 0],
			"scale": [1.62, 1.62, 1.62]
		},
		"fixed": {
			"translation": [0, 3.5, -0.5]
		}
	}
}