{
	"credit": "Made with Blockbench",
	"textures": {
		"0": "acbag:entity/molten_skeleton/head",
		"particle": "acbag:entity/molten_skeleton/head"
	},
	"elements": [
		{
			"from": [0, 0, 0],
			"to": [16, 16, 16],
			"faces": {
				"north": {"uv": [0, 0, 16, 16], "texture": "#0"},
				"east": {"uv": [14, 0, 16, 0], "texture": "#0"},
				"south": {"uv": [14, 0, 16, 0], "texture": "#0"},
				"west": {"uv": [14, 0, 16, 0], "texture": "#0"},
				"up": {"uv": [14, 0, 16, 0], "texture": "#0"},
				"down": {"uv": [14, 0, 16, 0], "texture": "#0"}
			}
		}
	],
	"display": {
		"head": {
			"translation": [0, 0.01, 0],
			"scale": [0.81, 0.81, 0.81]
		}
	}
}