{
	"credit": "Made with Blockbench",
	"texture_size": [64, 32],
	"textures": {
		"4": "entity/endermite",
		"particle": "item/popped_chorus_fruit"
	},
	"elements": [
		{
			"from": [5, 0, 6],
			"to": [11, 4, 11],
			"faces": {
				"north": {"uv": [1.25, 5, 2.75, 7], "texture": "#4"},
				"east": {"uv": [0, 5, 1.25, 7], "texture": "#4"},
				"south": {"uv": [2.75, 5, 4.25, 7], "texture": "#4"},
				"west": {"uv": [4.25, 5, 5.5, 7], "texture": "#4"},
				"up": {"uv": [1.25, 2.5, 2.75, 5], "texture": "#4"},
				"down": {"uv": [2.75, 2.5, 4.25, 5], "texture": "#4"}
			}
		},
		{
			"from": [6, 0, 4],
			"to": [10, 3, 6],
			"faces": {
				"north": {"uv": [0.5, 1, 1.5, 2.5], "texture": "#4"},
				"east": {"uv": [2.5, 1, 3, 2.5], "texture": "#4"},
				"south": {"uv": [1.5, 1, 2.5, 2.5], "texture": "#4"},
				"west": {"uv": [0, 1, 0.5, 2.5], "texture": "#4"},
				"up": {"uv": [0.5, 0, 1.5, 1], "texture": "#4"},
				"down": {"uv": [1.5, 0, 2.5, 1], "texture": "#4"}
			}
		},
		{
			"from": [6.5, 0, 11],
			"to": [9.5, 3, 12],
			"faces": {
				"north": {"uv": [0.25, 7.5, 1, 9], "texture": "#4"},
				"east": {"uv": [1.75, 7.5, 2, 9], "texture": "#4"},
				"south": {"uv": [1, 7.5, 1.75, 9], "texture": "#4"},
				"west": {"uv": [0, 7.5, 0.25, 9], "texture": "#4"},
				"up": {"uv": [0.25, 7, 1, 7.5], "texture": "#4"},
				"down": {"uv": [1, 7, 1.75, 7.5], "texture": "#4"}
			}
		},
		{
			"from": [7.5, 0, 12],
			"to": [8.5, 2, 13],
			"faces": {
				"north": {"uv": [0.25, 9.5, 0.5, 10.5], "texture": "#4"},
				"east": {"uv": [0.75, 9.5, 1, 10.5], "texture": "#4"},
				"south": {"uv": [0.5, 9.5, 0.75, 10.5], "texture": "#4"},
				"west": {"uv": [0, 9.5, 0.25, 10.5], "texture": "#4"},
				"up": {"uv": [0.25, 9, 0.5, 9.5], "texture": "#4"},
				"down": {"uv": [0.5, 9, 0.75, 9.5], "texture": "#4"}
			}
		}
	],
	"display": {
		"thirdperson_righthand": {
			"rotation": [82, 0, 0],
			"translation": [0, 0, 4]
		},
		"thirdperson_lefthand": {
			"rotation": [82, 0, 0],
			"translation": [0, 0, 4]
		},
		"firstperson_righthand": {
			"rotation": [0, 12, 0],
			"translation": [0, 8.75, 4.25]
		},
		"firstperson_lefthand": {
			"rotation": [0, 12, 0],
			"translation": [0, 8.75, 4.25]
		},
		"ground": {
			"translation": [0, 4, 0]
		},
		"gui": {
			"rotation": [30, 117, 0],
			"translation": [0, 4.75, 0]
		},
		"head": {
			"translation": [0, 5.5, 0],
			"scale": [1.62, 1.62, 1.62]
		},
		"fixed": {
			"rotation": [-90, 90, 0],
			"translation": [0, 0.25, -7.5]
		}
	},
	"groups": [
		{
			"name": "group",
			"origin": [8, 8, 8],
			"children": [0, 1, 2, 3]
		}
	]
}