{
	"credit": "Made with Blockbench",
	"textures": {
		"1": "item/popped_chorus_fruit",
		"particle": "item/popped_chorus_fruit"
	},
	"elements": [
		{
			"from": [0, 0, 1],
			"to": [16, 0.1, 17],
			"faces": {
				"north": {"uv": [0, 0, 4, 0.5], "texture": "#1"},
				"east": {"uv": [0, 0, 4, 0.5], "texture": "#1"},
				"south": {"uv": [0, 0, 4, 0.5], "texture": "#1"},
				"west": {"uv": [0, 0, 4, 0.5], "texture": "#1"},
				"up": {"uv": [0, 0, 16, 16], "texture": "#1"},
				"down": {"uv": [0, 0, 16, 16], "texture": "#1"}
			}
		}
	],
	"display": {
		"thirdperson_righthand": {
			"rotation": [82, 0, 0],
			"translation": [0, 0, 7]
		},
		"thirdperson_lefthand": {
			"rotation": [82, 0, 0],
			"translation": [0, 0, 7]
		},
		"firstperson_righthand": {
			"rotation": [0, 12, 0],
			"translation": [0, 11.25, 4.25]
		},
		"firstperson_lefthand": {
			"rotation": [0, 12, 0],
			"translation": [0, 11.25, 4.25]
		},
		"ground": {
			"translation": [0, 4, 0]
		},
		"gui": {
			"rotation": [30, 135, 0],
			"translation": [0, 5.75, 0]
		},
		"head": {
			"translation": [0, 5.5, 0],
			"scale": [1.62, 1.62, 1.62]
		},
		"fixed": {
			"rotation": [-90, 90, 0],
			"translation": [0, 0.25, -8]
		}
	}
}