{
	"credit": "Made with Blockbench",
	"textures": {
		"2": "entity/zombie/drowned",
		"3": "entity/zombie/drowned_outer_layer",
		"particle": "item/rotten_flesh"
	},
	"elements": [
		{
			"from": [6, -3, 8],
			"to": [10, 9, 12],
			"faces": {
				"north": {"uv": [5, 13, 6, 16], "texture": "#2"},
				"east": {"uv": [4, 13, 5, 16], "rotation": 180, "texture": "#2"},
				"south": {"uv": [7, 13, 8, 16], "texture": "#2"},
				"west": {"uv": [6, 13, 7, 16], "texture": "#2"},
				"up": {"uv": [5, 12, 6, 13], "texture": "#2"},
				"down": {"uv": [6, 12, 7, 13], "texture": "#2"}
			}
		},
		{
			"from": [5.8, -3.2, 7.8],
			"to": [10.2, 9.2, 12.2],
			"faces": {
				"north": {"uv": [5, 13, 6, 16], "texture": "#3"},
				"east": {"uv": [4, 13, 5, 16], "texture": "#3"},
				"south": {"uv": [7, 13, 8, 16], "texture": "#3"},
				"west": {"uv": [6, 13, 7, 16], "texture": "#3"},
				"up": {"uv": [5, 12, 6, 13], "texture": "#3"},
				"down": {"uv": [6, 12, 7, 13], "texture": "#3"}
			}
		}
	],
	"display": {
		"thirdperson_righthand": {
			"translation": [0, 6.25, -3.75]
		},
		"thirdperson_lefthand": {
			"translation": [0, 6.25, -3.75]
		},
		"firstperson_righthand": {
			"rotation": [0, 18, 0],
			"translation": [0, 6.5, 0]
		},
		"firstperson_lefthand": {
			"rotation": [0, 18, 0],
			"translation": [0, 6.5, 0]
		},
		"ground": {
			"rotation": [-90, 0, 0],
			"translation": [0, -4, -4.75]
		},
		"gui": {
			"rotation": [30, 130, 0],
			"translation": [-2, 4, 0]
		},
		"head": {
			"translation": [0, 4.25, -3.25],
			"scale": [1.62, 1.62, 1.62]
		},
		"fixed": {
			"translation": [0, 4.5, -5.25]
		}
	}
}