{
	"credit": "Made with Blockbench",
	"texture_size": [32, 16],
	"textures": {
		"2": "entity/blaze",
		"particle": "item/blaze_rod"
	},
	"elements": [
		{
			"from": [7, 0, 9],
			"to": [9, 8, 11],
			"faces": {
				"north": {"uv": [1.5, 9, 2, 13], "texture": "#2"},
				"east": {"uv": [0, 9, 0.5, 13], "texture": "#2"},
				"south": {"uv": [0.5, 9, 1, 13], "texture": "#2"},
				"west": {"uv": [1, 9, 1.5, 13], "texture": "#2"},
				"up": {"uv": [1, 8, 1.5, 9], "texture": "#2"},
				"down": {"uv": [0.5, 8, 1, 9], "texture": "#2"}
			}
		}
	],
	"display": {
		"thirdperson_righthand": {
			"translation": [0, 4.75, -2.75]
		},
		"thirdperson_lefthand": {
			"translation": [0, 4.75, -2.75]
		},
		"firstperson_righthand": {
			"rotation": [0, 21, 0],
			"translation": [0.25, 5.5, 0.5]
		},
		"firstperson_lefthand": {
			"rotation": [0, 21, 0],
			"translation": [0.25, 5.5, 0.5]
		},
		"ground": {
			"rotation": [90, 0, 0],
			"translation": [0, -0.75, 4.75]
		},
		"gui": {
			"rotation": [30, 130, 0],
			"translation": [-1.75, 2.75, 0]
		},
		"head": {
			"translation": [0, 4.25, -3.25],
			"scale": [1.62, 1.62, 1.62]
		},
		"fixed": {
			"translation": [0, 4.75, -2.75]
		}
	}
}