{
	"credit": "Made with Blockbench",
	"textures": {
		"0": "acbag:entity/wandering_soul/hurt"
	},
	"elements": [
		{
			"from": [5.005, -6, 5],
			"to": [10.995, 2, 10.99],
			"rotation": {"angle": -22.5, "axis": "x", "origin": [0, 0, 0]},
			"faces": {
				"north": {"uv": [10.75, 1.25, 12, 3.25], "texture": "#0"},
				"east": {"uv": [9.5, 1.25, 10.75, 3.25], "texture": "#0"},
				"south": {"uv": [13.25, 1.25, 14.5, 3.25], "texture": "#0"},
				"west": {"uv": [12, 1.25, 13.25, 3.25], "texture": "#0"},
				"up": {"uv": [12, 1.25, 10.75, 0], "texture": "#0"},
				"down": {"uv": [13.25, 0, 12, 1.25], "texture": "#0"}
			}
		},
		{
			"from": [5, 3.76118, 3.85403],
			"to": [11, 13.76118, 9.85403],
			"rotation": {"angle": 0, "axis": "y", "origin": [0, -0.23882, -0.14597]},
			"faces": {
				"north": {"uv": [7, 7.5, 8.5, 10], "texture": "#0"},
				"east": {"uv": [5.5, 7.5, 7, 10], "texture": "#0"},
				"south": {"uv": [10, 7.5, 11.5, 10], "texture": "#0"},
				"west": {"uv": [8.5, 7.5, 10, 10], "texture": "#0"},
				"up": {"uv": [8.5, 7.5, 7, 6], "texture": "#0"},
				"down": {"uv": [10, 6, 8.5, 7.5], "texture": "#0"}
			}
		},
		{
			"from": [4, 13.76118, 2.85403],
			"to": [12, 21.76118, 10.85403],
			"rotation": {"angle": 0, "axis": "y", "origin": [0, -0.23882, -0.14597]},
			"faces": {
				"north": {"uv": [2, 2, 4, 4], "texture": "#0"},
				"east": {"uv": [0, 2, 2, 4], "texture": "#0"},
				"south": {"uv": [6, 2, 8, 4], "texture": "#0"},
				"west": {"uv": [4, 2, 6, 4], "texture": "#0"},
				"up": {"uv": [4, 2, 2, 0], "texture": "#0"},
				"down": {"uv": [6, 0, 4, 2], "texture": "#0"}
			}
		},
		{
			"name": "head_inner",
			"from": [4.05, 13.8112, 2.904],
			"to": [11.95, 21.7112, 10.804],
			"rotation": {"angle": 0, "axis": "y", "origin": [0, -0.23882, -0.14597]},
			"faces": {
				"north": {"uv": [1.75, 5.75, 3.5, 7.5], "texture": "#0"},
				"east": {"uv": [0, 5.75, 1.75, 7.5], "texture": "#0"},
				"south": {"uv": [5.25, 5.75, 7, 7.5], "texture": "#0"},
				"west": {"uv": [3.5, 5.75, 5.25, 7.5], "texture": "#0"},
				"up": {"uv": [3.5, 5.75, 1.75, 4], "texture": "#0"},
				"down": {"uv": [5.25, 4, 3.5, 5.75], "texture": "#0"}
			}
		},
		{
			"from": [11, 10, -2],
			"to": [14, 13, 8],
			"faces": {
				"north": {"uv": [8, 4, 8.75, 4.75], "texture": "#0"},
				"east": {"uv": [3.25, 10, 2.5, 7.5], "rotation": 90, "texture": "#0"},
				"south": {"uv": [11.25, 4, 12, 4.75], "texture": "#0"},
				"west": {"uv": [3.25, 10, 5.75, 10.75], "texture": "#0"},
				"up": {"uv": [2.5, 10.75, 0, 10], "rotation": 90, "texture": "#0"},
				"down": {"uv": [4, 7.5, 3.25, 10], "texture": "#0"}
			}
		},
		{
			"from": [2, 10, -2],
			"to": [5, 13, 8],
			"faces": {
				"north": {"uv": [8, 4, 8.75, 4.75], "texture": "#0"},
				"east": {"uv": [3.25, 10, 2.5, 7.5], "rotation": 90, "texture": "#0"},
				"south": {"uv": [11.25, 4, 12, 4.75], "texture": "#0"},
				"west": {"uv": [3.25, 10, 5.75, 10.75], "texture": "#0"},
				"up": {"uv": [2.5, 10.75, 0, 10], "rotation": 90, "texture": "#0"},
				"down": {"uv": [4, 7.5, 3.25, 10], "texture": "#0"}
			}
		}
	],
	"display": {
		"head": {
			"translation": [0, -20.75, 0.75],
			"scale": [2, 2, 2]
		}
	},
	"groups": [
		{
			"name": "main",
			"origin": [8, 8, 8],
			"color": 0,
			"children": [0, 1, 2, 3, 4, 5]
		}
	]
}