{
	"credit": "Made with Blockbench",
	"texture_size": [64, 32],
	"textures": {
		"1": "entity/creeper/creeper_armor",
		"particle": "item/bone"
	},
	"elements": [
		{
			"name": "body",
			"from": [4, 12, 6],
			"to": [12, 24, 10],
			"shade": false,
			"faces": {
				"north": {"uv": [7, 10, 5, 16], "texture": "#1"},
				"east": {"uv": [8, 10, 7, 16], "texture": "#1"},
				"south": {"uv": [10, 10, 8, 16], "texture": "#1"},
				"west": {"uv": [5, 10, 4, 16], "texture": "#1"},
				"up": {"uv": [5, 10, 7, 8], "texture": "#1"},
				"down": {"uv": [7, 8, 9, 10], "texture": "#1"}
			}
		},
		{
			"name": "head",
			"from": [4, 24, 4],
			"to": [12, 32, 12],
			"shade": false,
			"faces": {
				"north": {"uv": [4, 4, 2, 8], "texture": "#1"},
				"east": {"uv": [6, 4, 4, 8], "texture": "#1"},
				"south": {"uv": [8, 4, 6, 8], "texture": "#1"},
				"west": {"uv": [2, 4, 0, 8], "texture": "#1"},
				"up": {"uv": [2, 4, 4, 0], "texture": "#1"},
				"down": {"uv": [4, 0, 6, 4], "texture": "#1"}
			}
		},
		{
			"name": "rightArm",
			"from": [2, 12, 7],
			"to": [4, 24, 9],
			"shade": false,
			"faces": {
				"north": {"uv": [11, 9, 10.5, 15], "texture": "#1"},
				"east": {"uv": [11.5, 9, 11, 15], "texture": "#1"},
				"south": {"uv": [12, 9, 11.5, 15], "texture": "#1"},
				"west": {"uv": [10.5, 9, 10, 15], "texture": "#1"},
				"up": {"uv": [10.5, 9, 11, 8], "texture": "#1"},
				"down": {"uv": [11, 8, 11.5, 9], "texture": "#1"}
			}
		},
		{
			"name": "leftArm",
			"from": [12, 12, 7],
			"to": [14, 24, 9],
			"faces": {
				"north": {"uv": [10.5, 9, 11, 15], "texture": "#1"},
				"east": {"uv": [10, 9, 10.5, 15], "texture": "#1"},
				"south": {"uv": [11.5, 9, 12, 15], "texture": "#1"},
				"west": {"uv": [11, 9, 11.5, 15], "texture": "#1"},
				"up": {"uv": [11, 9, 10.5, 8], "texture": "#1"},
				"down": {"uv": [11.5, 8, 11, 9], "texture": "#1"}
			}
		},
		{
			"name": "rightLeg",
			"from": [5, 0, 7],
			"to": [7, 12, 9],
			"shade": false,
			"faces": {
				"north": {"uv": [1, 9, 0.5, 15], "texture": "#1"},
				"east": {"uv": [1.5, 9, 1, 15], "texture": "#1"},
				"south": {"uv": [2, 9, 1.5, 15], "texture": "#1"},
				"west": {"uv": [0.5, 9, 0, 15], "texture": "#1"},
				"up": {"uv": [0.5, 9, 1, 8], "texture": "#1"},
				"down": {"uv": [1, 8, 1.5, 9], "texture": "#1"}
			}
		},
		{
			"name": "leftLeg",
			"from": [9, 0, 7],
			"to": [11, 12, 9],
			"faces": {
				"north": {"uv": [0.5, 9, 1, 15], "texture": "#1"},
				"east": {"uv": [0, 9, 0.5, 15], "texture": "#1"},
				"south": {"uv": [1.5, 9, 2, 15], "texture": "#1"},
				"west": {"uv": [1, 9, 1.5, 15], "texture": "#1"},
				"up": {"uv": [1, 9, 0.5, 8], "texture": "#1"},
				"down": {"uv": [1.5, 8, 1, 9], "texture": "#1"}
			}
		}
	],
	"display": {
		"head": {
			"translation": [0, -32, 0],
			"scale": [1.6, 1.6, 1.6]
		}
	},
	"groups": [
		{
			"name": "body",
			"origin": [0, 24, 0],
			"shade": false,
			"children": [0]
		},
		{
			"name": "head",
			"origin": [0, 24, 0],
			"shade": false,
			"children": [1]
		},
		{
			"name": "rightArm",
			"origin": [-5, 22, 0],
			"shade": false,
			"children": [2]
		},
		{
			"name": "leftArm",
			"origin": [5, 22, 0],
			"shade": false,
			"children": [3]
		},
		{
			"name": "rightLeg",
			"origin": [-2, 12, 0],
			"shade": false,
			"children": [4]
		},
		{
			"name": "leftLeg",
			"origin": [2, 12, 0],
			"shade": false,
			"children": [5]
		}
	]
}