{
	"credit": "Made with Blockbench",
	"texture_size": [32, 16],
	"textures": {
		"1": "entity/cow/cow",
		"particle": "item/beef"
	},
	"elements": [
		{
			"from": [10, 0, 0],
			"to": [14, 12, 4],
			"faces": {
				"north": {"uv": [1, 10, 2, 16], "texture": "#1"},
				"east": {"uv": [0, 10, 1, 16], "texture": "#1"},
				"south": {"uv": [3, 10, 4, 16], "texture": "#1"},
				"west": {"uv": [2, 10, 3, 16], "texture": "#1"},
				"up": {"uv": [1, 8, 2, 10], "texture": "#1"},
				"down": {"uv": [2, 8, 3, 10], "texture": "#1"}
			}
		},
		{
			"from": [10, 0, 13],
			"to": [14, 12, 17],
			"rotation": {"angle": 0, "axis": "y", "origin": [12, 8, 15]},
			"faces": {
				"north": {"uv": [1, 10, 2, 16], "texture": "#1"},
				"east": {"uv": [0, 10, 1, 16], "texture": "#1"},
				"south": {"uv": [3, 10, 4, 16], "texture": "#1"},
				"west": {"uv": [2, 10, 3, 16], "texture": "#1"},
				"up": {"uv": [1, 8, 2, 10], "texture": "#1"},
				"down": {"uv": [2, 8, 3, 10], "texture": "#1"}
			}
		},
		{
			"from": [2, 0, 13],
			"to": [6, 12, 17],
			"faces": {
				"north": {"uv": [1, 10, 2, 16], "texture": "#1"},
				"east": {"uv": [0, 10, 1, 16], "texture": "#1"},
				"south": {"uv": [4, 10, 3, 16], "texture": "#1"},
				"west": {"uv": [2, 10, 3, 16], "texture": "#1"},
				"up": {"uv": [1, 8, 2, 10], "texture": "#1"},
				"down": {"uv": [2, 8, 3, 10], "texture": "#1"}
			}
		},
		{
			"from": [2, 0, 0],
			"to": [6, 12, 4],
			"faces": {
				"north": {"uv": [1, 10, 2, 16], "texture": "#1"},
				"east": {"uv": [0, 10, 1, 16], "texture": "#1"},
				"south": {"uv": [4, 10, 3, 16], "texture": "#1"},
				"west": {"uv": [2, 10, 3, 16], "texture": "#1"},
				"up": {"uv": [1, 8, 2, 10], "texture": "#1"},
				"down": {"uv": [2, 8, 3, 10], "texture": "#1"}
			}
		},
		{
			"from": [2, 12, 0],
			"to": [14, 22, 18],
			"faces": {
				"north": {"uv": [7, 2, 10, 7], "texture": "#1"},
				"east": {"uv": [4.5, 7, 7, 16], "rotation": 90, "texture": "#1"},
				"south": {"uv": [10, 2, 13, 7], "texture": "#1"},
				"west": {"uv": [10, 7, 12.5, 16], "rotation": 270, "texture": "#1"},
				"up": {"uv": [12.5, 7, 15.5, 16], "texture": "#1"},
				"down": {"uv": [7, 7, 10, 16], "rotation": 180, "texture": "#1"}
			}
		},
		{
			"from": [4, 16, -6],
			"to": [12, 24, 0],
			"faces": {
				"north": {"uv": [1.5, 3, 3.5, 7], "texture": "#1"},
				"east": {"uv": [0, 3, 1.5, 7], "texture": "#1"},
				"south": {"uv": [5, 3, 7, 7], "texture": "#1"},
				"west": {"uv": [3.5, 3, 5, 7], "texture": "#1"},
				"up": {"uv": [1.5, 0, 3.5, 3], "texture": "#1"},
				"down": {"uv": [3.5, 0, 5.5, 2.5], "texture": "#1"}
			}
		},
		{
			"from": [12, 22, -4],
			"to": [13, 25, -3],
			"faces": {
				"north": {"uv": [5.75, 0.5, 6, 2], "texture": "#1"},
				"east": {"uv": [6, 0.5, 6.25, 2], "texture": "#1"},
				"south": {"uv": [5.5, 0.5, 5.75, 2], "texture": "#1"},
				"west": {"uv": [6.25, 0.5, 6.5, 2], "texture": "#1"},
				"up": {"uv": [5.75, 0, 6, 0.5], "texture": "#1"},
				"down": {"uv": [6, 0, 6.25, 0.5], "texture": "#1"}
			}
		},
		{
			"from": [3, 22, -4],
			"to": [4, 25, -3],
			"faces": {
				"north": {"uv": [5.75, 0.5, 6, 2], "texture": "#1"},
				"east": {"uv": [5.75, 0.5, 6, 2], "texture": "#1"},
				"south": {"uv": [5.5, 0.5, 5.75, 2], "texture": "#1"},
				"west": {"uv": [6.25, 0.5, 6.5, 2], "texture": "#1"},
				"up": {"uv": [5.75, 0, 6, 0.5], "texture": "#1"},
				"down": {"uv": [6, 0, 6.25, 0.5], "texture": "#1"}
			}
		},
		{
			"from": [6, 11, 12],
			"to": [10, 12, 18],
			"faces": {
				"north": {"uv": [14.25, 0, 15.5, 0.5], "texture": "#1"},
				"east": {"uv": [15.5, 0, 16, 0.5], "texture": "#1"},
				"south": {"uv": [14.5, 0, 16, 0.5], "texture": "#1"},
				"west": {"uv": [14.75, 0, 16, 0.5], "texture": "#1"},
				"up": {"uv": [13.25, 0.5, 14.25, 3.5], "texture": "#1"},
				"down": {"uv": [13.25, 0.5, 14.25, 3.5], "texture": "#1"}
			}
		}
	],
	"display": {
		"thirdperson_righthand": {
			"rotation": [123, 0, 0],
			"translation": [2.75, 8.5, -8.5]
		},
		"thirdperson_lefthand": {
			"rotation": [123, 0, 0],
			"translation": [2.75, 8.5, -8.5]
		},
		"firstperson_righthand": {
			"rotation": [0, 31, 0],
			"translation": [5, -6.5, 9.25]
		},
		"firstperson_lefthand": {
			"rotation": [0, 31, 0],
			"translation": [5, -6.5, 9.25]
		},
		"ground": {
			"rotation": [0, 0, 90],
			"translation": [3.5, 2.25, 0]
		},
		"gui": {
			"rotation": [30, -130, 0],
			"translation": [0, -1.5, 0],
			"scale": [0.5, 0.5, 0.5]
		},
		"head": {
			"translation": [0, 6.25, 0],
			"scale": [1.62, 1.62, 1.62]
		},
		"fixed": {
			"rotation": [-66, 0, 2],
			"translation": [0, -10.75, -8.75],
			"scale": [2, 2, 2]
		}
	},
	"groups": [
		{
			"name": "group",
			"origin": [8, 8, 8],
			"children": [0, 1, 2, 3, 4, 5, 6, 7, 8]
		}
	]
}