{
	"credit": "Made with Blockbench",
	"texture_size": [32, 16],
	"textures": {
		"1": "entity/cow/cow",
		"particle": "item/beef"
	},
	"elements": [
		{
			"from": [2, 0, -1],
			"to": [14, 10, 17],
			"rotation": {"angle": 0, "axis": "y", "origin": [8, 5, 7]},
			"faces": {
				"north": {"uv": [7, 2, 10, 7], "texture": "#1"},
				"east": {"uv": [4.5, 7, 7, 16], "rotation": 90, "texture": "#1"},
				"south": {"uv": [10, 2, 13, 7], "texture": "#1"},
				"west": {"uv": [10, 7, 12.5, 16], "rotation": 270, "texture": "#1"},
				"up": {"uv": [12.5, 7, 15.5, 16], "texture": "#1"},
				"down": {"uv": [7, 7, 10, 16], "rotation": 180, "texture": "#1"}
			}
		},
		{
			"from": [6, -1, 11],
			"to": [10, 0, 17],
			"rotation": {"angle": 0, "axis": "y", "origin": [8, 5, 7]},
			"faces": {
				"north": {"uv": [14.25, 0, 15.5, 0.5], "texture": "#1"},
				"east": {"uv": [15.5, 0, 16, 0.5], "texture": "#1"},
				"south": {"uv": [14.5, 0, 16, 0.5], "texture": "#1"},
				"west": {"uv": [14.75, 0, 16, 0.5], "texture": "#1"},
				"up": {"uv": [13.25, 0.5, 14.25, 3.5], "texture": "#1"},
				"down": {"uv": [13.25, 0.5, 14.25, 3.5], "texture": "#1"}
			}
		}
	],
	"display": {
		"thirdperson_righthand": {
			"rotation": [77, 0, 0],
			"translation": [0, 4.25, -2.75]
		},
		"thirdperson_lefthand": {
			"rotation": [77, 0, 0],
			"translation": [0, 4.25, -2.75]
		},
		"firstperson_righthand": {
			"rotation": [0, 16, 0],
			"translation": [2.5, 4.5, 9.75]
		},
		"firstperson_lefthand": {
			"rotation": [0, 16, 0],
			"translation": [2.5, 4.5, 9.75]
		},
		"ground": {
			"translation": [0, 5.25, 0]
		},
		"gui": {
			"rotation": [30, -130, 0],
			"translation": [0, 1.75, 0],
			"scale": [0.7, 0.7, 0.7]
		},
		"head": {
			"translation": [0, 1.5, 0],
			"scale": [1.72, 1.72, 1.72]
		},
		"fixed": {
			"rotation": [-66, 0, 2],
			"translation": [0, -10.75, -14.75],
			"scale": [2, 2, 2]
		}
	},
	"groups": [
		{
			"name": "group",
			"origin": [8, 8, 8],
			"children": [0, 1]
		}
	]
}