{
	"credit": "Made with Blockbench",
	"texture_size": [32, 16],
	"textures": {
		"1": "entity/cow/cow",
		"particle": "item/beef"
	},
	"elements": [
		{
			"from": [4, 0, 5],
			"to": [12, 8, 11],
			"rotation": {"angle": 0, "axis": "y", "origin": [8, 4, 8]},
			"faces": {
				"north": {"uv": [1.5, 3, 3.5, 7], "texture": "#1"},
				"east": {"uv": [0, 3, 1.5, 7], "texture": "#1"},
				"south": {"uv": [5, 3, 7, 7], "texture": "#1"},
				"west": {"uv": [3.5, 3, 5, 7], "texture": "#1"},
				"up": {"uv": [1.5, 0, 3.5, 3], "texture": "#1"},
				"down": {"uv": [3.5, 0, 5.5, 2.5], "texture": "#1"}
			}
		},
		{
			"from": [12, 6, 7],
			"to": [13, 9, 8],
			"rotation": {"angle": 0, "axis": "y", "origin": [8, 4, 8]},
			"faces": {
				"north": {"uv": [5.75, 0.5, 6, 2], "texture": "#1"},
				"east": {"uv": [6, 0.5, 6.25, 2], "texture": "#1"},
				"south": {"uv": [5.5, 0.5, 5.75, 2], "texture": "#1"},
				"west": {"uv": [6.25, 0.5, 6.5, 2], "texture": "#1"},
				"up": {"uv": [5.75, 0, 6, 0.5], "texture": "#1"},
				"down": {"uv": [6, 0, 6.25, 0.5], "texture": "#1"}
			}
		},
		{
			"from": [3, 6, 7],
			"to": [4, 9, 8],
			"rotation": {"angle": 0, "axis": "y", "origin": [8, 4, 8]},
			"faces": {
				"north": {"uv": [5.75, 0.5, 6, 2], "texture": "#1"},
				"east": {"uv": [5.75, 0.5, 6, 2], "texture": "#1"},
				"south": {"uv": [5.5, 0.5, 5.75, 2], "texture": "#1"},
				"west": {"uv": [6.25, 0.5, 6.5, 2], "texture": "#1"},
				"up": {"uv": [5.75, 0, 6, 0.5], "texture": "#1"},
				"down": {"uv": [6, 0, 6.25, 0.5], "texture": "#1"}
			}
		}
	],
	"display": {
		"thirdperson_righthand": {
			"rotation": [81, 0, 0],
			"translation": [0, 0, 0.25]
		},
		"thirdperson_lefthand": {
			"rotation": [81, 0, 0],
			"translation": [0, 0, 0.25]
		},
		"firstperson_righthand": {
			"rotation": [0, 31, 0],
			"translation": [-0.25, 6.75, 3.25]
		},
		"firstperson_lefthand": {
			"rotation": [0, 31, 0],
			"translation": [-0.25, 6.75, 3.25]
		},
		"ground": {
			"translation": [0, 4.25, 0]
		},
		"gui": {
			"rotation": [30, -130, 0],
			"translation": [0, 3, 0]
		},
		"head": {
			"translation": [0, 7.5, 0],
			"scale": [1.82, 1.82, 1.82]
		},
		"fixed": {
			"rotation": [0, 0, 2],
			"translation": [-0.25, 7.25, -4.75],
			"scale": [2, 2, 2]
		}
	},
	"groups": [
		{
			"name": "group",
			"origin": [8, 8, 8],
			"children": [0, 1, 2]
		}
	]
}